Date,Price,Open,High,Low,Close,LogReturns,WeeklyReturns,WeeklyVolatility ,,Change %,,,,,,,,,,Vol.
03-01-2019,"10,672.25","10,796.80","10,814.05","10,661.25","10,676.96",,,,,-1.11%,,,,,,,,,,286.24M
02-01-2019,"10,792.50","10,868.85","10,895.35","10,735.05","10,751.47",0.006954,,,,-1.08%,,,,,,,,,,309.67M
01-01-2019,"10,910.10","10,881.70","10,923.60","10,807.10","10,929.58",0.016431,,,,0.44%,,,,,,,,,,159.40M
31-12-2018,"10,862.55","10,913.20","10,923.55","10,853.20","10,915.38",-0.0013,,,,0.02%,,,,,,,,,,186.50M
28-12-2018,"10,859.90","10,820.95","10,893.60","10,817.15","10,901.03",-0.001316,,,,0.74%,,,,,,,,,,253.09M
27-12-2018,"10,779.80","10,817.90","10,834.20","10,764.45","10,868.74",-0.002966,0.017803,0.008172448,,0.47%,,,,,,,,,,470.16M
26-12-2018,"10,729.85","10,635.45","10,747.50","10,534.55","10,701.39",-0.015518,,,,0.62%,,,,,,,,,,271.94M
24-12-2018,"10,663.50","10,780.90","10,782.30","10,649.25","10,690.34",-0.001033,,,,-0.84%,,,,,,,,,,230.29M
21-12-2018,"10,754.00","10,944.25","10,963.65","10,738.65","10,746.16",0.005208,,,,-1.81%,,,,,,,,,,389.24M
20-12-2018,"10,951.70","10,885.20","10,962.55","10,880.05","10,869.96",0.011455,,,,-0.14%,,,,,,,,,,328.80M
19-12-2018,"10,967.30","10,930.55","10,985.15","10,928.00","10,989.57",0.010944,0.011056,0.011130107,,0.54%,,,,,,,,,,321.80M
18-12-2018,"10,908.70","10,850.90","10,915.40","10,819.10","10,871.52",-0.010801,,,,0.19%,,,,,,,,,,294.94M
17-12-2018,"10,888.35","10,853.20","10,900.35","10,844.85","10,936.77",0.005984,,,,0.77%,,,,,,,,,,306.15M
14-12-2018,"10,805.45","10,784.50","10,815.75","10,752.10","10,798.52",-0.012721,,,,0.13%,,,,,,,,,,350.58M
13-12-2018,"10,791.55","10,810.75","10,838.60","10,749.50","10,864.80",0.006119,,,,0.50%,,,,,,,,,,387.81M
12-12-2018,"10,737.60","10,591.00","10,752.20","10,560.80","10,780.58",-0.007782,-0.019201,0.009200295,,1.79%,,,,,,,,,,371.70M
11-12-2018,"10,549.15","10,350.05","10,567.15","10,333.85","10,410.08",-0.034972,,,,0.58%,,,,,,,,,,438.70M
10-12-2018,"10,488.45","10,508.70","10,558.85","10,474.95","10,306.93",-0.009958,,,,-1.92%,,,,,,,,,,393.10M
07-12-2018,"10,693.70","10,644.80","10,704.55","10,599.35","10,737.41",0.040917,,,,0.87%,,,,,,,,,,335.85M
06-12-2018,"10,601.15","10,718.15","10,722.65","10,588.25","10,537.01",-0.01884,,,,-1.69%,,,,,,,,,,328.28M
05-12-2018,"10,782.90","10,820.45","10,821.05","10,747.95","10,733.89",0.018512,-0.004341,0.030373639,,-0.80%,,,,,,,,,,322.02M
04-12-2018,"10,869.50","10,877.10","10,890.95","10,833.35","10,862.96",0.011953,,,,-0.13%,,,,,,,,,,332.14M
03-12-2018,"10,883.75","10,930.70","10,941.20","10,845.35","10,937.26",0.006816,,,,0.06%,,,,,,,,,,422.36M
30-11-2018,"10,876.75","10,892.10","10,922.45","10,835.10","10,910.62",-0.002439,,,,0.17%,,,,,,,,,,467.86M
29-11-2018,"10,858.70","10,808.70","10,883.05","10,782.35","10,939.49",0.002642,,,,1.21%,,,,,,,,,,712.65M
28-11-2018,"10,728.85","10,708.75","10,757.80","10,699.85","10,751.59",-0.017326,0.001647,0.01120159,,0.40%,,,,,,,,,,437.63M
27-11-2018,"10,685.60","10,621.45","10,695.15","10,596.35","10,678.81",-0.006792,,,,0.54%,,,,,,,,,,382.83M
26-11-2018,"10,628.60","10,568.30","10,637.80","10,489.75","10,670.81",-0.000749,,,,0.97%,,,,,,,,,,332.86M
22-11-2018,"10,526.75","10,612.65","10,646.25","10,512.00","10,539.42",-0.012389,,,,-0.69%,,,,,,,,,,246.93M
21-11-2018,"10,600.05","10,670.95","10,671.30","10,562.35","10,614.39",0.007088,,,,-0.53%,,,,,,,,,,310.19M
20-11-2018,"10,656.20","10,740.10","10,740.85","10,640.85","10,632.70",0.001723,-0.011119,0.007561044,,-1.00%,,,,,,,,,,304.32M
19-11-2018,"10,763.40","10,731.25","10,774.70","10,688.80","10,812.81",0.016797,,,,0.76%,,,,,,,,,,280.52M
16-11-2018,"10,682.20","10,644.00","10,695.15","10,631.15","10,709.99",-0.009554,,,,0.62%,,,,,,,,,,353.38M
15-11-2018,"10,616.70","10,580.60","10,646.50","10,557.50","10,620.81",-0.008362,,,,0.38%,,,,,,,,,,306.01M
14-11-2018,"10,576.30","10,634.90","10,651.60","10,532.70","10,628.52",0.000726,,,,-0.06%,,,,,,,,,,396.37M
13-11-2018,"10,582.50","10,451.90","10,596.25","10,440.55","10,552.24",-0.007203,-0.007596,0.011002549,,0.96%,,,,,,,,,,262.54M
12-11-2018,"10,482.20","10,607.80","10,645.50","10,464.05","10,504.90",-0.004496,,,,-0.97%,,,,,,,,,,267.71M
09-11-2018,"10,585.20","10,614.70","10,619.55","10,544.85","10,600.90",0.009097,,,,-0.13%,,,,,,,,,,305.82M
07-11-2018,"10,598.85","10,614.45","10,616.45","10,591.80","10,683.44",0.007756,,,,0.65%,,,,,,,,,,2.83M
06-11-2018,"10,530.00","10,552.00","10,600.25","10,491.45","10,558.33",-0.01178,,,,0.06%,,,,,,,,,,309.88M
05-11-2018,"10,524.00","10,558.75","10,558.80","10,477.00","10,530.24",-0.002664,-0.002087,0.008776632,,-0.27%,,,,,,,,,,311.18M
02-11-2018,"10,553.00","10,462.30","10,606.95","10,457.70","10,635.97",0.009991,,,,1.66%,,,,,,,,,,434.18M
01-11-2018,"10,380.45","10,441.70","10,441.90","10,341.90","10,435.43",-0.019035,,,,-0.06%,,,,,,,,,,359.34M
31-10-2018,"10,386.60","10,209.55","10,396.00","10,105.10","10,398.43",-0.003553,,,,1.85%,,,,,,,,,,386.62M
30-10-2018,"10,198.40","10,239.40","10,285.10","10,175.35","10,187.18",-0.020525,,,,-0.51%,,,,,,,,,,298.75M
29-10-2018,"10,250.85","10,078.10","10,275.30","10,020.35","10,299.82",0.010996,-0.022125,0.015157784,,2.20%,,,,,,,,,,375.75M
26-10-2018,"10,030.00","10,122.35","10,128.85","10,004.55","10,027.20",-0.026825,,,,-0.94%,,,,,,,,,,375.56M
25-10-2018,"10,124.90","10,135.05","10,166.60","10,079.30","10,035.73",0.00085,,,,-0.98%,,,,,,,,,,522.42M
24-10-2018,"10,224.75","10,278.15","10,290.65","10,126.70","10,357.29",0.031539,,,,0.77%,,,,,,,,,,362.27M
23-10-2018,"10,146.80","10,152.60","10,222.10","10,102.35","10,055.14",-0.029607,,,,-0.96%,,,,,,,,,,312.04M
22-10-2018,"10,245.25","10,405.85","10,408.55","10,224.00","10,346.54",0.028568,0.004526,0.029170536,,-0.57%,,,,,,,,,,306.47M
19-10-2018,"10,303.55","10,339.70","10,380.10","10,249.60","10,191.84",-0.015064,,,,-1.43%,,,,,,,,,,368.55M
17-10-2018,"10,453.05","10,688.70","10,710.15","10,436.45","10,556.16",0.035122,,,,-1.24%,,,,,,,,,,293.59M
16-10-2018,"10,584.75","10,550.15","10,604.90","10,525.30","10,622.95",0.006307,,,,0.69%,,,,,,,,,,273.44M
15-10-2018,"10,512.50","10,524.20","10,526.30","10,410.15","10,564.19",-0.005546,,,,0.38%,,,,,,,,,,267.52M
12-10-2018,"10,472.50","10,331.55","10,492.45","10,322.15","10,571.24",0.000667,0.021485,0.018967994,,2.32%,,,,,,,,,,354.06M
11-10-2018,"10,234.65","10,169.80","10,335.95","10,138.60","9,950.13",-0.060551,,,,-2.16%,,,,,,,,,,498.51M
10-10-2018,"10,460.10","10,331.85","10,482.35","10,318.25","10,490.96",0.052928,,,,1.54%,,,,,,,,,,373.84M
09-10-2018,"10,301.05","10,390.30","10,397.60","10,279.35","10,343.54",-0.014151,,,,-0.45%,,,,,,,,,,443.80M
08-10-2018,"10,348.05","10,310.15","10,398.35","10,198.40","10,342.11",-0.000138,,,,0.31%,,,,,,,,,,470.28M
05-10-2018,"10,316.45","10,514.10","10,540.65","10,261.90","10,233.37",-0.01057,-0.032483,0.040524184,,-2.67%,,,,,,,,,,625.15M
04-10-2018,"10,599.25","10,754.70","10,754.70","10,547.25","10,497.66",0.025498,,,,-2.39%,,,,,,,,,,438.20M
03-10-2018,"10,858.25","10,982.70","10,989.05","10,843.75","10,833.34",0.031475,,,,-1.36%,,,,,,,,,,398.76M
01-10-2018,"11,008.30","10,930.90","11,035.65","10,821.55","11,008.51",0.016041,,,,0.71%,,,,,,,,,,398.99M
28-09-2018,"10,930.45","11,008.10","11,034.10","10,850.30","10,960.77",-0.004346,,,,-0.43%,,,,,,,,,,492.89M
27-09-2018,"10,977.55","11,079.80","11,089.45","10,953.35","11,003.35",0.003878,0.072545,0.014828376,,-0.69%,,,,,,,,,,418.21M
26-09-2018,"11,053.80","11,145.55","11,145.55","10,993.05","11,132.18",0.01164,,,,-0.12%,,,,,,,,,,351.04M
25-09-2018,"11,067.45","10,969.95","11,080.60","10,882.85","11,069.78",-0.005621,,,,0.91%,,,,,,,,,,417.55M
24-09-2018,"10,967.40","11,164.40","11,170.15","10,943.60","10,988.00",-0.007415,,,,-1.58%,,,,,,,,,,398.82M
21-09-2018,"11,143.10","11,271.30","11,346.80","10,866.45","11,180.00",0.017323,,,,-0.81%,,,,,,,,,,741.15M
19-09-2018,"11,234.35","11,326.65","11,332.05","11,210.90","11,282.48",0.009124,0.025051,0.010952989,,-0.39%,,,,,,,,,,258.42M
18-09-2018,"11,278.90","11,381.55","11,411.45","11,268.95","11,282.53",0.000005,,,,-0.87%,,,,,,,,,,248.30M
17-09-2018,"11,377.75","11,464.95","11,464.95","11,366.90","11,328.52",0.004068,,,,-1.19%,,,,,,,,,,207.62M
14-09-2018,"11,515.20","11,443.50","11,523.25","11,430.55","11,589.98",0.022817,,,,1.28%,,,,,,,,,,285.22M
12-09-2018,"11,369.90","11,340.10","11,380.75","11,250.20","11,422.88",-0.014522,,,,0.73%,,,,,,,,,,276.51M
11-09-2018,"11,287.50","11,476.85","11,479.40","11,274.00","11,325.36",-0.008575,0.003793,0.014306619,,-1.32%,,,,,,,,,,318.09M
10-09-2018,"11,438.10","11,570.25","11,573.00","11,427.30","11,419.84",0.008308,,,,-1.30%,,,,,,,,,,295.60M
07-09-2018,"11,589.10","11,558.25","11,603.00","11,484.40","11,610.26",0.016537,,,,0.45%,,,,,,,,,,305.03M
06-09-2018,"11,536.90","11,514.15","11,562.25","11,436.05","11,574.02",-0.003126,,,,0.52%,,,,,,,,,,255.56M
05-09-2018,"11,476.95","11,514.85","11,542.65","11,393.85","11,471.09",-0.008933,,,,-0.38%,,,,,,,,,,253.69M
04-09-2018,"11,520.30","11,598.75","11,602.55","11,496.85","11,536.12",0.005652,0.018439,0.009950276,,-0.54%,,,,,,,,,,262.70M
03-09-2018,"11,582.35","11,751.80","11,751.80","11,567.40","11,653.08",0.010088,,,,-0.84%,,,,,,,,,,241.73M
31-08-2018,"11,680.50","11,675.85","11,727.65","11,640.10","11,679.35",0.002252,,,,0.03%,,,,,,,,,,357.23M
30-08-2018,"11,676.80","11,694.75","11,698.80","11,639.70","11,679.55",0.000017,,,,-0.13%,,,,,,,,,,323.45M
29-08-2018,"11,691.90","11,744.95","11,753.20","11,678.85","11,697.97",0.001576,,,,-0.40%,,,,,,,,,,259.35M
28-08-2018,"11,738.50","11,731.95","11,760.20","11,710.50","11,778.88",0.006893,0.020825,0.004186186,,0.40%,,,,,,,,,,249.42M
27-08-2018,"11,691.95","11,605.85","11,700.95","11,595.60","11,741.64",-0.003167,,,,1.17%,,,,,,,,,,205.69M
24-08-2018,"11,557.10","11,566.60","11,604.60","11,532.00","11,541.15",-0.017222,,,,-0.22%,,,,,,,,,,225.60M
23-08-2018,"11,582.75","11,620.70","11,620.70","11,546.70","11,632.32",0.007868,,,,0.10%,,,,,,,,,,256.16M
21-08-2018,"11,570.90","11,576.20","11,581.75","11,539.60","11,595.88",-0.003138,,,,0.17%,,,,,,,,,,231.06M
20-08-2018,"11,551.75","11,502.10","11,565.30","11,499.65","11,583.76",-0.001045,-0.016703,0.008995506,,0.71%,,,,,,,,,,239.84M
17-08-2018,"11,470.75","11,437.15","11,486.45","11,431.80","11,522.93",-0.005266,,,,0.75%,,,,,,,,,,241.99M
16-08-2018,"11,385.05","11,397.15","11,449.85","11,366.25","11,347.00",-0.015385,,,,-0.44%,,,,,,,,,,299.61M
14-08-2018,"11,435.10","11,381.70","11,452.45","11,370.80","11,461.37",0.010029,,,,0.70%,,,,,,,,,,239.84M
13-08-2018,"11,355.75","11,369.60","11,406.30","11,340.30","11,295.70",-0.014561,,,,-0.65%,,,,,,,,,,254.47M
10-08-2018,"11,429.50","11,474.95","11,478.75","11,419.65","11,433.64",0.012138,-0.013045,0.013136936,,-0.36%,,,,,,,,,,336.42M
09-08-2018,"11,470.70","11,493.25","11,495.20","11,454.10","11,513.94",0.006998,,,,0.18%,,,,,,,,,,311.52M
08-08-2018,"11,450.00","11,412.50","11,459.95","11,379.30","11,472.99",-0.003563,,,,0.53%,,,,,,,,,,217.05M
07-08-2018,"11,389.45","11,423.15","11,428.95","11,359.70","11,425.43",-0.004153,,,,0.02%,,,,,,,,,,233.41M
06-08-2018,"11,387.10","11,401.50","11,427.65","11,370.60","11,427.72",0.0002,,,,0.23%,,,,,,,,,,210.00M
03-08-2018,"11,360.80","11,297.80","11,368.00","11,294.55","11,414.17",-0.001187,-0.001705,0.004466267,,1.03%,,,,,,,,,,225.15M
02-08-2018,"11,244.70","11,328.90","11,328.90","11,234.95","11,228.07",-0.016438,,,,-0.89%,,,,,,,,,,216.53M
01-08-2018,"11,346.20","11,359.80","11,390.55","11,313.55","11,349.58",0.010763,,,,-0.09%,,,,,,,,,,278.01M
31-07-2018,"11,356.50","11,311.05","11,366.00","11,267.75","11,348.38",-0.000106,,,,0.33%,,,,,,,,,,264.43M
30-07-2018,"11,319.55","11,296.65","11,328.10","11,261.45","11,338.45",-0.000875,,,,0.37%,,,,,,,,,,287.44M
27-07-2018,"11,278.35","11,232.75","11,283.40","11,210.25","11,343.95",0.000486,-0.00617,0.00973987,,0.99%,,,,,,,,,,324.34M
26-07-2018,"11,167.30","11,132.95","11,185.85","11,125.70","11,168.58",-0.015581,,,,0.32%,,,,,,,,,,376.66M
25-07-2018,"11,132.00","11,148.40","11,157.15","11,113.25","11,146.17",-0.002008,,,,-0.02%,,,,,,,,,,212.33M
24-07-2018,"11,134.30","11,109.00","11,143.40","11,092.50","11,158.99",0.00115,,,,0.45%,,,,,,,,,,212.25M
23-07-2018,"11,084.75","11,019.85","11,093.40","11,010.95","11,094.78",-0.00577,,,,0.68%,,,,,,,,,,236.15M
20-07-2018,"11,010.20","10,963.50","11,030.25","10,946.20","11,016.12",-0.007115,-0.029325,0.006325523,,0.48%,,,,,,,,,,193.14M
19-07-2018,"10,957.10","10,999.50","11,006.50","10,935.45","10,976.40",-0.003612,,,,-0.21%,,,,,,,,,,222.06M
18-07-2018,"10,980.45","11,060.20","11,076.20","10,956.30","11,032.55",0.005102,,,,-0.25%,,,,,,,,,,232.50M
17-07-2018,"11,008.05","10,939.65","11,018.50","10,925.60","11,010.76",-0.001977,,,,0.65%,,,,,,,,,,217.11M
16-07-2018,"10,936.85","11,018.95","11,019.50","10,926.25","10,937.41",-0.006684,,,,-0.74%,,,,,,,,,,216.97M
13-07-2018,"11,018.90","11,056.90","11,071.35","10,999.75","11,052.48",0.010466,0.003294,0.006982543,,-0.04%,,,,,,,,,,241.67M
12-07-2018,"11,023.20","11,006.95","11,078.30","10,999.65","11,081.80",0.002649,,,,0.68%,,,,,,,,,,256.04M
11-07-2018,"10,948.30","10,956.40","10,976.65","10,923.00","10,957.50",-0.01128,,,,0.01%,,,,,,,,,,229.21M
10-07-2018,"10,947.25","10,902.75","10,956.90","10,876.65","10,997.60",0.003654,,,,0.87%,,,,,,,,,,203.06M
09-07-2018,"10,852.90","10,838.30","10,860.35","10,807.15","10,918.50",-0.007219,,,,0.74%,,,,,,,,,,189.33M
06-07-2018,"10,772.65","10,744.15","10,816.35","10,735.05","10,766.71",-0.014,-0.026195,0.00803847,,0.21%,,,,,,,,,,256.55M
05-07-2018,"10,749.75","10,786.05","10,786.05","10,726.25","10,765.56",-0.000107,,,,-0.19%,,,,,,,,,,227.27M
04-07-2018,"10,769.90","10,715.00","10,777.15","10,677.75","10,784.65",0.001772,,,,0.65%,,,,,,,,,,179.27M
03-07-2018,"10,699.90","10,668.60","10,713.30","10,630.25","10,711.27",-0.006827,,,,0.40%,,,,,,,,,,208.37M
02-07-2018,"10,657.30","10,732.35","10,736.15","10,604.65","10,675.47",-0.003348,,,,-0.53%,,,,,,,,,,304.54M
29-06-2018,"10,714.30","10,612.85","10,723.05","10,612.35","10,738.08",0.005848,-0.002663,0.004841175,,1.18%,,,,,,,,,,250.33M
28-06-2018,"10,589.10","10,660.80","10,674.20","10,557.70","10,578.71",-0.014953,,,,-0.77%,,,,,,,,,,363.16M
27-06-2018,"10,671.40","10,785.50","10,785.50","10,652.40","10,687.35",0.010217,,,,-0.91%,,,,,,,,,,253.62M
26-06-2018,"10,769.15","10,742.70","10,805.25","10,732.55","10,749.15",0.005765,,,,0.06%,,,,,,,,,,226.85M
25-06-2018,"10,762.45","10,822.90","10,831.05","10,753.05","10,763.37",0.001323,,,,-0.55%,,,,,,,,,,236.69M
22-06-2018,"10,821.85","10,742.70","10,837.00","10,710.45","10,823.27",0.005549,0.007902,0.009763135,,0.75%,,,,,,,,,,236.90M
21-06-2018,"10,741.10","10,808.45","10,809.60","10,725.90","10,777.11",-0.004274,,,,-0.29%,,,,,,,,,,230.51M
20-06-2018,"10,772.05","10,734.65","10,781.80","10,724.05","10,796.91",0.001836,,,,0.58%,,,,,,,,,,199.47M
19-06-2018,"10,710.45","10,789.45","10,789.45","10,701.20","10,699.90",-0.009026,,,,-0.83%,,,,,,,,,,231.38M
18-06-2018,"10,799.85","10,830.20","10,830.20","10,787.35","10,811.79",0.010403,,,,-0.17%,,,,,,,,,,202.73M
15-06-2018,"10,817.70","10,808.65","10,834.00","10,755.40","10,818.38",0.000609,-0.000452,0.007274267,,0.09%,,,,,,,,,,314.76M
14-06-2018,"10,808.05","10,832.90","10,833.70","10,773.55","10,784.15",-0.003169,,,,-0.45%,,,,,,,,,,190.03M
13-06-2018,"10,856.70","10,887.50","10,893.25","10,842.65","10,901.65",0.010837,,,,0.13%,,,,,,,,,,220.00M
12-06-2018,"10,842.85","10,816.15","10,856.55","10,789.40","10,872.39",-0.002688,,,,0.52%,,,,,,,,,,204.42M
11-06-2018,"10,786.95","10,781.85","10,850.55","10,777.05","10,801.26",-0.006564,,,,0.18%,,,,,,,,,,217.85M
08-06-2018,"10,767.65","10,736.40","10,779.45","10,709.05","10,735.33",-0.006123,-0.007707,0.007130947,,-0.01%,,,,,,,,,,215.94M
07-06-2018,"10,768.35","10,722.60","10,818.00","10,722.60","10,806.24",0.006584,,,,0.78%,,,,,,,,,,227.66M
06-06-2018,"10,684.65","10,603.45","10,698.35","10,587.50","10,694.64",-0.010381,,,,0.86%,,,,,,,,,,195.76M
05-06-2018,"10,593.15","10,630.70","10,633.15","10,550.90","10,595.62",-0.009302,,,,-0.33%,,,,,,,,,,172.90M
04-06-2018,"10,628.50","10,765.95","10,770.30","10,618.35","10,698.12",0.009628,,,,-0.63%,,,,,,,,,,210.15M
01-06-2018,"10,696.20","10,738.45","10,764.75","10,681.50","10,698.72",0.000055,-0.003416,0.009055342,,-0.37%,,,,,,,,,,227.36M
31-05-2018,"10,736.15","10,670.10","10,763.80","10,620.40","10,792.81",0.008756,,,,1.15%,,,,,,,,,,629.20M
30-05-2018,"10,614.35","10,579.00","10,648.70","10,558.45","10,559.96",-0.021811,,,,-0.18%,,,,,,,,,,246.12M
29-05-2018,"10,633.30","10,689.40","10,717.25","10,616.10","10,633.82",0.00697,,,,-0.52%,,,,,,,,,,232.76M
28-05-2018,"10,688.65","10,648.35","10,709.80","10,640.55","10,732.47",0.009235,,,,0.79%,,,,,,,,,,239.79M
25-05-2018,"10,605.15","10,533.05","10,628.05","10,524.00","10,624.69",-0.010094,-0.006944,0.013950484,,0.87%,,,,,,,,,,268.92M
24-05-2018,"10,513.85","10,464.85","10,535.15","10,419.80","10,548.57",-0.00719,,,,0.80%,,,,,,,,,,306.79M
23-05-2018,"10,430.35","10,521.10","10,533.55","10,417.80","10,414.84",-0.012759,,,,-1.01%,,,,,,,,,,299.92M
22-05-2018,"10,536.70","10,518.45","10,558.60","10,490.55","10,538.44",0.011798,,,,0.19%,,,,,,,,,,249.24M
21-05-2018,"10,516.70","10,616.70","10,621.70","10,505.80","10,537.07",-0.000129,,,,-0.75%,,,,,,,,,,197.29M
18-05-2018,"10,596.40","10,671.85","10,674.95","10,589.10","10,585.41",0.004576,-0.003704,0.009642169,,-0.81%,,,,,,,,,,229.91M
17-05-2018,"10,682.70","10,775.60","10,777.25","10,664.50","10,717.41",0.012393,,,,-0.54%,,,,,,,,,,220.74M
16-05-2018,"10,741.10","10,751.95","10,790.45","10,699.70","10,691.74",-0.002398,,,,-0.56%,,,,,,,,,,238.22M
15-05-2018,"10,801.85","10,812.60","10,929.20","10,781.40","10,808.27",0.010841,,,,-0.04%,,,,,,,,,,262.20M
14-05-2018,"10,806.60","10,815.15","10,834.85","10,774.75","10,815.15",0.000636,,,,0.00%,,,,,,,,,,176.70M
11-05-2018,"10,806.50","10,741.95","10,812.05","10,724.45","10,832.18",0.001574,0.023045,0.00658652,,0.84%,,,,,,,,,,209.39M
10-05-2018,"10,716.55","10,779.65","10,785.55","10,705.00","10,754.86",-0.007164,,,,-0.23%,,,,,,,,,,197.99M
09-05-2018,"10,741.70","10,693.35","10,766.25","10,689.85","10,716.88",-0.003538,,,,0.22%,,,,,,,,,,222.12M
08-05-2018,"10,717.80","10,757.90","10,758.55","10,689.40","10,760.05",0.004021,,,,0.02%,,,,,,,,,,278.12M
07-05-2018,"10,715.50","10,653.15","10,725.65","10,635.65","10,751.16",-0.000827,,,,0.92%,,,,,,,,,,173.62M
04-05-2018,"10,618.25","10,700.45","10,700.45","10,601.60","10,639.46",-0.010444,-0.017952,0.005597176,,-0.57%,,,,,,,,,,192.30M
03-05-2018,"10,679.65","10,720.15","10,720.60","10,647.45","10,681.56",0.003949,,,,-0.36%,,,,,,,,,,190.87M
02-05-2018,"10,718.05","10,783.85","10,784.65","10,689.80","10,762.28",0.007529,,,,-0.20%,,,,,,,,,,236.76M
30-04-2018,"10,739.35","10,705.75","10,759.00","10,704.60","10,752.86",-0.000876,,,,0.44%,,,,,,,,,,179.16M
27-04-2018,"10,692.30","10,651.65","10,719.80","10,647.55","10,726.21",-0.002481,,,,0.70%,,,,,,,,,,306.67M
26-04-2018,"10,617.80","10,586.50","10,628.40","10,559.65","10,634.14",-0.008621,-0.0005,0.006194242,,0.45%,,,,,,,,,,345.54M
25-04-2018,"10,570.55","10,612.40","10,612.60","10,536.45","10,568.89",-0.006155,,,,-0.41%,,,,,,,,,,195.13M
24-04-2018,"10,614.35","10,578.10","10,636.80","10,569.00","10,607.72",0.003667,,,,0.28%,,,,,,,,,,225.97M
23-04-2018,"10,584.70","10,592.80","10,638.35","10,514.95","10,613.99",0.000591,,,,0.20%,,,,,,,,,,200.20M
20-04-2018,"10,564.05","10,560.35","10,582.35","10,527.45","10,559.29",-0.005166,,,,-0.01%,,,,,,,,,,252.23M
19-04-2018,"10,565.30","10,563.65","10,572.20","10,546.20","10,602.74",0.004106,-0.002957,0.004834108,,0.37%,,,,,,,,,,270.74M
18-04-2018,"10,526.20","10,578.90","10,594.20","10,509.70","10,556.68",-0.004353,,,,-0.21%,,,,,,,,,,211.82M
17-04-2018,"10,548.70","10,557.30","10,560.45","10,495.65","10,577.36",0.001957,,,,0.19%,,,,,,,,,,212.45M
16-04-2018,"10,528.35","10,398.30","10,540.15","10,396.35","10,446.13",-0.012484,,,,0.46%,,,,,,,,,,200.95M
13-04-2018,"10,480.60","10,495.30","10,519.90","10,451.45","10,517.34",0.006794,,,,0.21%,,,,,,,,,,219.72M
12-04-2018,"10,458.65","10,410.65","10,469.90","10,395.25","10,452.29",-0.006204,-0.014291,0.007456902,,0.40%,,,,,,,,,,246.03M
11-04-2018,"10,417.15","10,428.15","10,428.15","10,355.60","10,442.75",-0.000913,,,,0.14%,,,,,,,,,,258.08M
10-04-2018,"10,402.25","10,412.90","10,424.85","10,381.50","10,435.81",-0.000665,,,,0.22%,,,,,,,,,,259.52M
09-04-2018,"10,379.35","10,333.70","10,397.70","10,328.50","10,381.24",-0.005243,,,,0.46%,,,,,,,,,,228.51M
06-04-2018,"10,331.60","10,322.75","10,350.45","10,290.85","10,328.94",-0.00505,,,,0.06%,,,,,,,,,,206.36M
05-04-2018,"10,325.15","10,228.45","10,331.80","10,227.45","10,426.88",0.009437,-0.002434,0.005961224,,1.94%,,,,,,,,,,244.12M
04-04-2018,"10,128.40","10,274.60","10,279.85","10,111.30","10,157.47",-0.026178,,,,-1.14%,,,,,,,,,,238.18M
03-04-2018,"10,245.00","10,186.85","10,255.35","10,171.05","10,220.47",0.006183,,,,0.33%,,,,,,,,,,211.65M
02-04-2018,"10,211.80","10,151.65","10,220.10","10,127.75","10,250.12",0.002897,,,,0.97%,,,,,,,,,,232.43M
28-03-2018,"10,113.70","10,143.60","10,158.35","10,096.90","10,073.61",-0.01737,,,,-0.69%,,,,,,,,,,354.98M
27-03-2018,"10,184.15","10,188.00","10,207.90","10,139.65","10,242.00",0.016578,-0.017891,0.01763829,,0.53%,,,,,,,,,,232.71M
26-03-2018,"10,130.65","9,989.15","10,143.50","9,958.55","10,122.01",-0.011785,,,,1.33%,,,,,,,,,,270.66M
23-03-2018,"9,998.05","9,968.80","10,027.70","9,951.90","9,854.16",-0.026818,,,,-1.15%,,,,,,,,,,294.52M
22-03-2018,"10,114.75","10,167.50","10,207.85","10,105.40","10,126.83",0.027295,,,,-0.40%,,,,,,,,,,237.63M
21-03-2018,"10,155.25","10,181.95","10,227.30","10,132.95","10,213.51",0.008523,,,,0.31%,,,,,,,,,,211.06M
20-03-2018,"10,124.35","10,051.55","10,155.65","10,049.10","10,081.70",-0.012989,-0.015774,0.02118201,,0.30%,,,,,,,,,,209.33M
19-03-2018,"10,094.25","10,215.35","10,224.55","10,075.30","10,114.22",0.00322,,,,-0.99%,,,,,,,,,,216.67M
16-03-2018,"10,195.15","10,345.15","10,346.30","10,180.25","10,180.66",0.006548,,,,-1.59%,,,,,,,,,,338.70M
15-03-2018,"10,360.15","10,405.45","10,420.00","10,346.20","10,354.46",0.016928,,,,-0.49%,,,,,,,,,,179.31M
14-03-2018,"10,410.90","10,393.05","10,420.35","10,336.30","10,377.46",0.002219,,,,-0.15%,,,,,,,,,,186.99M
13-03-2018,"10,426.85","10,389.50","10,478.60","10,377.85","10,394.69",0.001659,0.030573,0.006334772,,0.05%,,,,,,,,,,274.85M
12-03-2018,"10,421.40","10,301.60","10,433.65","10,295.45","10,497.33",0.009825,,,,1.90%,,,,,,,,,,223.14M
09-03-2018,"10,226.85","10,271.30","10,296.70","10,211.90","10,255.89",-0.023269,,,,-0.15%,,,,,,,,,,192.33M
08-03-2018,"10,242.65","10,216.25","10,270.35","10,146.40","10,305.13",0.004789,,,,0.87%,,,,,,,,,,233.38M
07-03-2018,"10,154.20","10,232.95","10,243.35","10,141.55","10,137.78",-0.016373,,,,-0.93%,,,,,,,,,,257.20M
06-03-2018,"10,249.25","10,420.50","10,441.35","10,215.90","10,310.04",0.016849,-0.008177,0.017316755,,-1.06%,,,,,,,,,,229.78M
05-03-2018,"10,358.85","10,428.30","10,428.70","10,323.90","10,329.23",0.001859,,,,-0.95%,,,,,,,,,,199.98M
01-03-2018,"10,458.35","10,479.95","10,525.50","10,447.15","10,445.37",0.011181,,,,-0.33%,,,,,,,,,,181.38M
28-02-2018,"10,492.85","10,488.95","10,535.50","10,461.55","10,428.11",-0.001653,,,,-0.58%,,,,,,,,,,294.79M
27-02-2018,"10,554.30","10,615.20","10,631.65","10,537.25","10,586.54",0.015078,,,,-0.27%,,,,,,,,,,193.25M
26-02-2018,"10,582.60","10,526.55","10,592.95","10,520.20","10,618.13",0.00298,0.029445,0.006964542,,0.87%,,,,,,,,,,177.24M
23-02-2018,"10,491.05","10,408.10","10,499.10","10,396.65","10,516.34",-0.009632,,,,1.04%,,,,,,,,,,217.13M
22-02-2018,"10,382.70","10,354.35","10,397.55","10,340.65","10,339.85",-0.016925,,,,-0.14%,,,,,,,,,,323.26M
21-02-2018,"10,397.45","10,426.00","10,426.10","10,349.60","10,463.53",0.01189,,,,0.36%,,,,,,,,,,241.33M
20-02-2018,"10,360.40","10,391.00","10,429.35","10,347.65","10,373.34",-0.008658,,,,-0.17%,,,,,,,,,,193.46M
19-02-2018,"10,378.40","10,488.90","10,489.35","10,302.75","10,414.43",0.003954,-0.019371,0.011577549,,-0.71%,,,,,,,,,,193.09M
16-02-2018,"10,452.30","10,596.20","10,612.90","10,434.05","10,502.95",0.008464,,,,-0.88%,,,,,,,,,,190.04M
15-02-2018,"10,545.50","10,537.90","10,618.10","10,511.05","10,582.16",0.007513,,,,0.42%,,,,,,,,,,217.09M
14-02-2018,"10,500.90","10,585.75","10,590.55","10,456.65","10,546.58",-0.003368,,,,-0.37%,,,,,,,,,,236.33M
12-02-2018,"10,539.75","10,518.20","10,555.50","10,485.40","10,603.40",0.005373,,,,0.81%,,,,,,,,,,224.12M
09-02-2018,"10,454.95","10,416.50","10,480.20","10,398.20","10,296.71",-0.02935,-0.011368,0.015841968,,-1.15%,,,,,,,,,,197.50M
08-02-2018,"10,576.85","10,518.50","10,637.80","10,479.55","10,619.48",0.030865,,,,0.96%,,,,,,,,,,239.41M
07-02-2018,"10,476.70","10,607.20","10,614.00","10,446.40","10,584.92",-0.003259,,,,-0.21%,,,,,,,,,,258.10M
06-02-2018,"10,498.25","10,295.15","10,594.15","10,276.30","10,132.49",-0.043684,,,,-1.58%,,,,,,,,,,274.66M
05-02-2018,"10,666.55","10,604.30","10,702.75","10,586.80","10,512.04",0.036775,,,,-0.87%,,,,,,,,,,247.48M
02-02-2018,"10,760.60","10,938.20","10,954.95","10,736.10","10,683.34",0.016164,0.036861,0.032455732,,-2.33%,,,,,,,,,,291.43M
01-02-2018,"11,016.90","11,044.55","11,117.35","10,878.80","11,033.51",0.032251,,,,-0.10%,,,,,,,,,,315.74M
31-01-2018,"11,027.70","11,018.80","11,058.50","10,979.30","10,996.76",-0.003336,,,,-0.20%,,,,,,,,,,253.46M
30-01-2018,"11,049.65","11,120.85","11,121.10","11,033.90","11,039.67",0.003894,,,,-0.73%,,,,,,,,,,234.97M
29-01-2018,"11,130.40","11,079.35","11,171.55","11,075.95","11,140.29",0.009073,,,,0.55%,,,,,,,,,,249.22M
25-01-2018,"11,069.65","11,095.60","11,095.60","11,009.20","11,078.96",-0.00552,0.036362,0.01512265,,-0.15%,,,,,,,,,,340.47M
24-01-2018,"11,086.00","11,069.35","11,110.10","11,046.15","11,071.56",-0.000667,,,,0.02%,,,,,,,,,,292.20M
23-01-2018,"11,083.70","10,997.40","11,092.90","10,994.55","11,115.07",0.003922,,,,1.07%,,,,,,,,,,293.45M
22-01-2018,"10,966.20","10,883.20","10,975.10","10,881.40","10,955.03",-0.014503,,,,0.66%,,,,,,,,,,238.82M
19-01-2018,"10,894.70","10,829.20","10,906.85","10,793.90","10,907.17",-0.004378,,,,0.72%,,,,,,,,,,214.01M
18-01-2018,"10,817.00","10,873.40","10,887.50","10,782.40","10,901.67",-0.000504,-0.016131,0.00695621,,0.26%,,,,,,,,,,321.61M
17-01-2018,"10,788.55","10,702.45","10,803.00","10,666.75","10,790.21",-0.010277,,,,0.82%,,,,,,,,,,260.49M
16-01-2018,"10,700.45","10,761.50","10,762.35","10,687.85","10,720.61",-0.006472,,,,-0.38%,,,,,,,,,,217.47M
15-01-2018,"10,741.55","10,718.50","10,782.65","10,713.80","10,778.52",0.005388,,,,0.56%,,,,,,,,,,181.26M
12-01-2018,"10,681.25","10,682.55","10,690.40","10,597.10","10,712.46",-0.006148,,,,0.28%,,,,,,,,,,180.59M
11-01-2018,"10,651.20","10,637.05","10,664.60","10,612.35","10,656.20",-0.005266,-0.022774,0.0058804,,0.18%,,,,,,,,,,158.63M
10-01-2018,"10,632.20","10,652.05","10,655.50","10,592.70","10,646.72",-0.000889,,,,-0.05%,,,,,,,,,,181.90M
09-01-2018,"10,637.00","10,645.10","10,659.15","10,603.60","10,658.94",0.001147,,,,0.13%,,,,,,,,,,211.29M
08-01-2018,"10,623.60","10,591.70","10,631.20","10,588.55","10,656.31",-0.000247,,,,0.61%,,,,,,,,,,174.18M
05-01-2018,"10,558.85","10,534.25","10,566.10","10,520.10","10,587.97",-0.006433,,,,0.51%,,,,,,,,,,186.47M
04-01-2018,"10,504.80","10,469.40","10,513.00","10,441.45","10,531.17",-0.00538,-0.011802,0.003340436,,0.59%,,,,,,,,,,180.26M
03-01-2018,"10,443.20","10,482.65","10,503.60","10,429.55","10,483.70",-0.004518,,,,0.01%,,,,,,,,,,172.52M
02-01-2018,"10,442.20","10,477.55","10,495.20","10,404.65","10,483.84",0.000013,,,,0.06%,,,,,,,,,,158.09M
01-01-2018,"10,435.55","10,531.70","10,537.85","10,423.10","10,436.91",-0.004486,,,,-0.90%,,,,,,,,,,134.53M
29-12-2017,"10,530.70","10,492.35","10,538.70","10,488.65","10,544.81",0.010285,,,,0.50%,,,,,,,,,,156.74M
28-12-2017,"10,477.90","10,498.20","10,534.55","10,460.45","10,485.60",-0.005631,-0.004336,0.006600358,,-0.12%,,,,,,,,,,281.31M
27-12-2017,"10,490.75","10,531.05","10,552.40","10,469.25","10,489.98",0.000417,,,,-0.39%,,,,,,,,,,170.31M
26-12-2017,"10,531.50","10,512.30","10,545.45","10,477.95","10,551.20",0.005819,,,,0.37%,,,,,,,,,,160.42M
22-12-2017,"10,493.00","10,457.30","10,501.10","10,448.25","10,509.59",-0.003951,,,,0.50%,,,,,,,,,,143.12M
21-12-2017,"10,440.30","10,473.95","10,473.95","10,426.90","10,469.76",-0.003797,,,,-0.04%,,,,,,,,,,156.65M
20-12-2017,"10,444.20","10,494.40","10,494.45","10,437.15","10,475.51",0.000549,-0.000963,0.004005497,,-0.18%,,,,,,,,,,180.60M
19-12-2017,"10,463.20","10,414.80","10,472.20","10,406.00","10,489.79",0.001362,,,,0.72%,,,,,,,,,,174.34M
18-12-2017,"10,388.75","10,263.10","10,443.55","10,074.80","10,318.52",-0.016462,,,,0.54%,,,,,,,,,,237.51M
15-12-2017,"10,333.25","10,345.65","10,373.10","10,319.65","10,427.38",0.010495,,,,0.79%,,,,,,,,,,262.98M
14-12-2017,"10,252.10","10,229.30","10,276.10","10,141.55","10,288.63",-0.013396,,,,0.58%,,,,,,,,,,159.10M
13-12-2017,"10,192.95","10,236.60","10,296.55","10,169.85","10,189.51",-0.00968,-0.027681,0.01121256,,-0.46%,,,,,,,,,,187.19M
12-12-2017,"10,240.15","10,324.90","10,326.10","10,230.20","10,242.30",0.005167,,,,-0.80%,,,,,,,,,,180.55M
11-12-2017,"10,322.25","10,310.50","10,329.20","10,282.05","10,367.21",0.012121,,,,0.55%,,,,,,,,,,152.04M
08-12-2017,"10,265.65","10,198.45","10,270.85","10,195.25","10,297.37",-0.006759,,,,0.97%,,,,,,,,,,206.23M
07-12-2017,"10,166.70","10,063.45","10,182.65","10,061.90","10,186.22",-0.010853,,,,1.22%,,,,,,,,,,171.34M
06-12-2017,"10,044.10","10,088.80","10,104.20","10,033.35","10,015.15",-0.016937,-0.01726,0.011878336,,-0.73%,,,,,,,,,,171.21M
05-12-2017,"10,118.25","10,118.25","10,147.95","10,069.10","10,109.14",0.009341,,,,-0.09%,,,,,,,,,,160.25M
04-12-2017,"10,127.75","10,175.05","10,179.20","10,095.70","10,181.16",0.007098,,,,0.06%,,,,,,,,,,153.24M
01-12-2017,"10,121.80","10,263.70","10,272.70","10,108.55","10,159.01",-0.002177,,,,-1.02%,,,,,,,,,,147.77M
30-11-2017,"10,226.55","10,332.70","10,332.70","10,211.25","10,198.37",0.003867,,,,-1.30%,,,,,,,,,,353.10M
29-11-2017,"10,361.30","10,376.65","10,392.95","10,345.90","10,367.31",0.016429,0.034559,0.006862989,,-0.09%,,,,,,,,,,157.19M
28-11-2017,"10,370.25","10,387.90","10,409.55","10,355.20","10,358.81",-0.00082,,,,-0.28%,,,,,,,,,,202.05M
27-11-2017,"10,399.55","10,361.05","10,407.15","10,340.20","10,370.37",0.001115,,,,0.09%,,,,,,,,,,146.28M
24-11-2017,"10,389.70","10,366.80","10,404.50","10,362.25","10,408.27",0.003647,,,,0.40%,,,,,,,,,,133.18M
23-11-2017,"10,348.75","10,358.45","10,374.30","10,307.30","10,364.67",-0.004198,,,,0.06%,,,,,,,,,,157.65M
22-11-2017,"10,342.30","10,350.80","10,368.70","10,309.55","10,366.33",0.00016,-0.000095,0.002866433,,0.15%,,,,,,,,,,162.50M
21-11-2017,"10,326.90","10,329.25","10,358.70","10,315.05","10,357.14",-0.000887,,,,0.27%,,,,,,,,,,191.86M
20-11-2017,"10,298.75","10,287.20","10,309.85","10,261.50","10,302.63",-0.005277,,,,0.15%,,,,,,,,,,151.75M
17-11-2017,"10,283.60","10,324.55","10,343.60","10,268.05","10,393.72",0.008803,,,,0.67%,,,,,,,,,,209.59M
16-11-2017,"10,214.75","10,152.90","10,232.25","10,139.20","10,250.37",-0.013889,,,,0.96%,,,,,,,,,,188.18M
15-11-2017,"10,118.05","10,171.95","10,175.45","10,094.00","10,103.80",-0.014402,-0.025651,0.009680409,,-0.67%,,,,,,,,,,213.84M
14-11-2017,"10,186.60","10,223.40","10,248.00","10,175.55","10,184.55",0.007961,,,,-0.38%,,,,,,,,,,314.41M
13-11-2017,"10,224.95","10,322.00","10,334.15","10,216.25","10,224.97",0.003961,,,,-0.94%,,,,,,,,,,216.80M
10-11-2017,"10,321.75","10,304.35","10,344.95","10,254.10","10,316.72",0.008932,,,,0.12%,,,,,,,,,,287.96M
09-11-2017,"10,308.95","10,358.65","10,368.45","10,266.95","10,364.87",0.004656,,,,0.06%,,,,,,,,,,247.61M
08-11-2017,"10,303.15","10,361.95","10,384.25","10,285.50","10,315.32",-0.004791,0.020719,0.005422931,,-0.45%,,,,,,,,,,282.95M
07-11-2017,"10,350.15","10,477.15","10,485.75","10,340.80","10,375.52",0.005819,,,,-0.97%,,,,,,,,,,295.83M
06-11-2017,"10,451.80","10,431.75","10,490.45","10,413.75","10,430.71",0.005305,,,,-0.01%,,,,,,,,,,199.56M
03-11-2017,"10,452.50","10,461.55","10,461.70","10,403.60","10,490.84",0.005749,,,,0.28%,,,,,,,,,,206.10M
02-11-2017,"10,423.80","10,440.50","10,453.00","10,412.55","10,423.80",-0.006412,,,,-0.16%,,,,,,,,,,207.74M
01-11-2017,"10,440.50","10,390.35","10,451.65","10,383.05","10,496.33",0.006935,0.017396,0.005561572,,1.02%,,,,,,,,,,268.27M
31-10-2017,"10,335.30","10,364.90","10,367.70","10,323.95","10,336.91",-0.015304,,,,-0.27%,,,,,,,,,,239.81M
30-10-2017,"10,363.65","10,353.85","10,384.50","10,344.30","10,394.23",0.005529,,,,0.39%,,,,,,,,,,244.19M
27-10-2017,"10,323.05","10,362.30","10,366.15","10,311.30","10,341.58",-0.005079,,,,-0.20%,,,,,,,,,,322.41M
26-10-2017,"10,343.80","10,291.80","10,355.65","10,271.85","10,340.17",-0.000136,,,,0.47%,,,,,,,,,,443.04M
25-10-2017,"10,295.35","10,321.15","10,340.55","10,240.90","10,409.91",0.006722,-0.008267,0.008973906,,0.86%,,,,,,,,,,612.62M
24-10-2017,"10,207.70","10,218.55","10,237.75","10,182.40","10,241.03",-0.016356,,,,0.22%,,,,,,,,,,223.91M
23-10-2017,"10,184.85","10,176.65","10,224.15","10,124.50","10,215.32",-0.002514,,,,0.38%,,,,,,,,,,224.80M
19-10-2017,"10,146.55","10,210.35","10,211.95","10,123.35","10,146.02",-0.006807,,,,-0.63%,,,,,,,,,,31.09M
18-10-2017,"10,210.85","10,209.40","10,236.45","10,175.75","10,185.92",0.003924,,,,-0.23%,,,,,,,,,,262.11M
17-10-2017,"10,234.45","10,227.65","10,251.85","10,212.60","10,231.74",0.004489,-0.017264,0.008603958,,0.04%,,,,,,,,,,201.78M
16-10-2017,"10,230.85","10,207.40","10,242.95","10,175.10","10,270.69",0.003799,,,,0.62%,,,,,,,,,,209.33M
13-10-2017,"10,167.45","10,123.70","10,191.90","10,120.10","10,194.57",-0.007439,,,,0.70%,,,,,,,,,,237.23M
12-10-2017,"10,096.40","10,011.20","10,104.45","9,977.10","10,123.33",-0.007013,,,,1.12%,,,,,,,,,,207.11M
11-10-2017,"9,984.80","10,042.60","10,067.25","9,955.80","10,010.46",-0.011211,,,,-0.32%,,,,,,,,,,195.59M
10-10-2017,"10,016.95","10,013.70","10,034.00","10,002.30","10,041.74",0.003119,-0.018745,0.006784173,,0.28%,,,,,,,,,,153.25M
09-10-2017,"9,988.75","9,988.20","10,015.75","9,959.45","9,997.19",-0.004446,,,,0.09%,,,,,,,,,,148.40M
06-10-2017,"9,979.70","9,908.15","9,989.35","9,906.60","9,999.30",0.000212,,,,0.92%,,,,,,,,,,201.86M
05-10-2017,"9,888.70","9,927.00","9,945.95","9,881.85","9,901.19",-0.009861,,,,-0.26%,,,,,,,,,,152.36M
04-10-2017,"9,914.90","9,884.35","9,938.30","9,850.65","9,939.70",0.003882,,,,0.56%,,,,,,,,,,160.99M
03-10-2017,"9,859.50","9,893.30","9,895.40","9,831.05","9,964.53",0.002495,-0.007718,0.005622002,,0.72%,,,,,,,,,,167.83M
29-09-2017,"9,788.60","9,814.30","9,854.00","9,775.35","9,833.93",-0.013193,,,,0.20%,,,,,,,,,,202.35M
28-09-2017,"9,768.95","9,736.40","9,789.20","9,687.55","9,769.50",-0.006573,,,,0.34%,,,,,,,,,,396.88M
27-09-2017,"9,735.75","9,920.60","9,921.05","9,714.40","9,783.70",0.001452,,,,-1.38%,,,,,,,,,,206.31M
26-09-2017,"9,871.50","9,875.25","9,891.35","9,813.00","9,874.26",0.009214,,,,-0.01%,,,,,,,,,,196.79M
25-09-2017,"9,872.60","9,960.10","9,960.50","9,816.05","9,868.47",-0.000587,-0.009687,0.008453636,,-0.92%,,,,,,,,,,228.21M
22-09-2017,"9,964.40","10,094.35","10,095.05","9,952.80","9,936.88",0.006908,,,,-1.56%,,,,,,,,,,233.62M
21-09-2017,"10,121.90","10,139.60","10,158.90","10,058.60","10,120.33",0.018294,,,,-0.19%,,,,,,,,,,197.71M
20-09-2017,"10,141.15","10,160.95","10,171.05","10,134.20","10,154.85",0.003405,,,,-0.06%,,,,,,,,,,205.60M
19-09-2017,"10,147.55","10,175.60","10,178.95","10,129.95","10,170.51",0.001541,,,,-0.05%,,,,,,,,,,193.35M
18-09-2017,"10,153.10","10,133.10","10,171.70","10,131.30","10,200.99",0.002992,0.03314,0.00681277,,0.67%,,,,,,,,,,160.85M
15-09-2017,"10,085.40","10,062.35","10,115.15","10,043.65","10,061.34",-0.013784,,,,-0.01%,,,,,,,,,,274.80M
14-09-2017,"10,086.60","10,107.40","10,126.50","10,070.35","10,114.48",0.005267,,,,0.07%,,,,,,,,,,232.64M
13-09-2017,"10,079.30","10,099.25","10,131.95","10,063.15","10,085.11",-0.002907,,,,-0.14%,,,,,,,,,,221.61M
12-09-2017,"10,093.05","10,056.85","10,097.55","10,028.05","10,144.34",0.005856,,,,0.87%,,,,,,,,,,188.25M
11-09-2017,"10,006.05","9,971.75","10,028.65","9,968.80","10,043.55",-0.009986,-0.015555,0.008829275,,0.72%,,,,,,,,,,178.41M
08-09-2017,"9,934.80","9,958.65","9,963.60","9,913.30","9,963.63",-0.007989,,,,0.05%,,,,,,,,,,168.70M
07-09-2017,"9,929.90","9,945.85","9,964.85","9,917.20","9,959.77",-0.000387,,,,0.14%,,,,,,,,,,194.63M
06-09-2017,"9,916.20","9,899.25","9,931.55","9,882.55","9,863.61",-0.009702,,,,-0.36%,,,,,,,,,,153.77M
05-09-2017,"9,952.20","9,933.25","9,963.10","9,901.05","9,972.98",0.011027,,,,0.40%,,,,,,,,,,143.52M
04-09-2017,"9,912.85","9,984.15","9,988.40","9,861.00","9,922.25",-0.0051,-0.012151,0.008309377,,-0.62%,,,,,,,,,,153.37M
01-09-2017,"9,974.40","9,937.65","9,983.45","9,909.85","9,994.29",0.007235,,,,0.57%,,,,,,,,,,162.73M
31-08-2017,"9,917.90","9,905.70","9,925.10","9,856.95","9,939.38",-0.00551,,,,0.34%,,,,,,,,,,337.78M
30-08-2017,"9,884.40","9,859.50","9,909.45","9,850.80","9,948.24",0.000891,,,,0.90%,,,,,,,,,,162.70M
29-08-2017,"9,796.05","9,886.40","9,887.35","9,783.75","9,769.74",-0.018105,,,,-1.18%,,,,,,,,,,178.67M
28-08-2017,"9,912.80","9,907.15","9,925.75","9,882.00","9,963.62",0.019651,0.004161,0.014088831,,0.57%,,,,,,,,,,164.49M
24-08-2017,"9,857.05","9,881.20","9,881.50","9,848.85","9,886.14",-0.007807,,,,0.05%,,,,,,,,,,190.40M
23-08-2017,"9,852.50","9,803.05","9,857.90","9,786.75","9,890.30",0.00042,,,,0.89%,,,,,,,,,,173.82M
22-08-2017,"9,765.55","9,815.75","9,828.45","9,752.60","9,826.55",-0.006467,,,,0.11%,,,,,,,,,,189.27M
21-08-2017,"9,754.35","9,864.25","9,884.35","9,740.10","9,781.39",-0.004606,,,,-0.84%,,,,,,,,,,211.63M
18-08-2017,"9,837.40","9,865.95","9,865.95","9,783.65","9,799.85",0.001885,-0.016574,0.004265264,,-0.67%,,,,,,,,,,253.93M
17-08-2017,"9,904.15","9,945.55","9,947.80","9,883.75","9,952.51",0.015458,,,,0.07%,,,,,,,,,,203.65M
16-08-2017,"9,897.30","9,825.85","9,903.95","9,773.85","9,929.02",-0.002363,,,,1.05%,,,,,,,,,,226.27M
14-08-2017,"9,794.15","9,755.75","9,818.30","9,752.10","9,839.65",-0.009042,,,,0.86%,,,,,,,,,,201.61M
11-08-2017,"9,710.80","9,712.15","9,771.65","9,685.55","9,604.35",-0.024204,,,,-1.11%,,,,,,,,,,294.73M
10-08-2017,"9,820.25","9,872.85","9,892.65","9,776.20","9,784.98",0.018633,-0.001518,0.017740345,,-0.89%,,,,,,,,,,242.82M
09-08-2017,"9,908.05","9,961.15","9,969.80","9,893.05","9,890.43",0.010718,,,,-0.71%,,,,,,,,,,174.40M
08-08-2017,"9,978.55","10,068.35","10,083.80","9,947.00","9,989.82",0.009999,,,,-0.78%,,,,,,,,,,209.64M
07-08-2017,"10,057.40","10,074.80","10,088.10","10,046.35","10,065.73",0.007571,,,,-0.09%,,,,,,,,,,141.57M
04-08-2017,"10,066.40","10,008.60","10,075.25","9,988.35","10,061.65",-0.000406,,,,0.53%,,,,,,,,,,184.08M
03-08-2017,"10,013.65","10,081.15","10,081.15","9,998.25","10,013.61",-0.004786,0.023096,0.006865951,,-0.67%,,,,,,,,,,198.67M
02-08-2017,"10,081.50","10,136.30","10,137.85","10,054.20","10,102.85",0.008873,,,,-0.33%,,,,,,,,,,166.46M
01-08-2017,"10,114.65","10,101.05","10,128.60","10,065.75","10,138.42",0.003515,,,,0.37%,,,,,,,,,,190.00M
31-07-2017,"10,077.10","10,034.70","10,085.90","10,016.95","10,097.92",-0.004003,,,,0.63%,,,,,,,,,,245.10M
28-07-2017,"10,014.50","9,996.55","10,026.05","9,944.50","9,990.55",-0.010689,,,,-0.06%,,,,,,,,,,197.49M
27-07-2017,"10,020.55","10,063.25","10,114.85","10,005.50","10,063.25",0.00725,0.004945,0.008201337,,0.00%,,,,,,,,,,296.78M
26-07-2017,"10,020.65","9,983.65","10,025.95","9,965.95","10,039.56",-0.002357,,,,0.56%,,,,,,,,,,203.70M
25-07-2017,"9,964.55","10,010.55","10,011.30","9,949.10","10,008.55",-0.003094,,,,-0.02%,,,,,,,,,,191.21M
24-07-2017,"9,966.40","9,936.80","9,982.05","9,919.60","9,988.47",-0.002008,,,,0.52%,,,,,,,,,,179.91M
21-07-2017,"9,915.25","9,899.60","9,924.70","9,838.00","9,941.18",-0.004746,,,,0.42%,,,,,,,,,,193.29M
20-07-2017,"9,873.30","9,920.20","9,922.55","9,863.45","9,893.42",-0.004816,-0.017021,0.001316861,,-0.27%,,,,,,,,,,166.08M
19-07-2017,"9,899.60","9,855.95","9,905.05","9,851.65","9,928.88",0.003579,,,,0.74%,,,,,,,,,,206.38M
18-07-2017,"9,827.15","9,832.70","9,885.35","9,792.05","9,744.21",-0.018775,,,,-0.90%,,,,,,,,,,303.01M
17-07-2017,"9,915.95","9,908.15","9,928.20","9,894.70","9,937.87",0.01968,,,,0.30%,,,,,,,,,,168.60M
14-07-2017,"9,886.35","9,913.30","9,913.30","9,845.45","9,908.34",-0.002976,,,,-0.05%,,,,,,,,,,164.46M
13-07-2017,"9,891.70","9,855.80","9,897.25","9,853.45","9,931.69",0.002353,0.003861,0.013820697,,0.77%,,,,,,,,,,186.87M
12-07-2017,"9,816.10","9,807.30","9,824.95","9,787.70","9,837.70",-0.009508,,,,0.31%,,,,,,,,,,150.05M
11-07-2017,"9,786.05","9,797.45","9,830.05","9,778.85","9,812.15",-0.002601,,,,0.15%,,,,,,,,,,185.32M
10-07-2017,"9,771.05","9,719.30","9,782.15","9,646.45","9,825.24",0.001334,,,,1.09%,,,,,,,,,,38.75M
07-07-2017,"9,665.80","9,670.35","9,684.25","9,642.65","9,661.65",-0.016791,,,,-0.09%,,,,,,,,,,146.23M
06-07-2017,"9,674.55","9,653.60","9,700.70","9,639.95","9,690.28",0.00296,-0.024607,0.008193525,,0.38%,,,,,,,,,,152.00M
05-07-2017,"9,637.60","9,619.75","9,643.65","9,607.35","9,643.80",-0.004809,,,,0.25%,,,,,,,,,,134.85M
04-07-2017,"9,613.30","9,645.90","9,650.65","9,595.50","9,643.97",0.000018,,,,-0.02%,,,,,,,,,,149.31M
03-07-2017,"9,615.00","9,587.95","9,624.00","9,543.55","9,682.87",0.004025,,,,0.99%,,,,,,,,,,188.69M
30-06-2017,"9,520.90","9,478.50","9,535.80","9,448.75","9,495.56",-0.019534,,,,0.18%,,,,,,,,,,185.20M
29-06-2017,"9,504.10","9,522.95","9,575.80","9,493.80","9,536.28",0.004279,-0.01602,0.009847414,,0.14%,,,,,,,,,,267.28M
28-06-2017,"9,491.25","9,520.20","9,522.50","9,474.35","9,500.21",-0.00379,,,,-0.21%,,,,,,,,,,177.65M
27-06-2017,"9,511.40","9,594.05","9,615.40","9,473.45","9,530.73",0.003208,,,,-0.66%,,,,,,,,,,209.59M
23-06-2017,"9,574.95","9,643.25","9,647.65","9,565.30","9,588.28",0.006021,,,,-0.57%,,,,,,,,,,180.58M
22-06-2017,"9,630.00","9,642.65","9,698.85","9,617.75","9,638.79",0.005254,,,,-0.04%,,,,,,,,,,204.89M
21-06-2017,"9,633.60","9,648.10","9,650.45","9,608.60","9,627.84",-0.001137,0.009555,0.00422903,,-0.21%,,,,,,,,,,148.49M
20-06-2017,"9,653.50","9,670.50","9,676.50","9,643.75","9,666.63",0.004021,,,,-0.04%,,,,,,,,,,164.44M
19-06-2017,"9,657.55","9,626.40","9,673.30","9,614.90","9,695.71",0.003004,,,,0.72%,,,,,,,,,,146.15M
16-06-2017,"9,588.05","9,595.45","9,615.85","9,565.50","9,605.05",-0.009395,,,,0.10%,,,,,,,,,,219.81M
15-06-2017,"9,578.05","9,617.90","9,621.40","9,560.80","9,577.50",-0.002871,,,,-0.42%,,,,,,,,,,176.42M
14-06-2017,"9,618.15","9,621.55","9,627.40","9,580.45","9,633.10",0.005788,0.000546,0.006227729,,0.12%,,,,,,,,,,187.38M
13-06-2017,"9,606.90","9,615.55","9,654.15","9,595.40","9,605.93",-0.002824,,,,-0.10%,,,,,,,,,,133.73M
12-06-2017,"9,616.40","9,646.70","9,647.05","9,598.50","9,594.61",-0.00118,,,,-0.54%,,,,,,,,,,145.79M
09-06-2017,"9,668.25","9,638.55","9,676.25","9,608.15","9,659.75",0.006767,,,,0.22%,,,,,,,,,,163.90M
08-06-2017,"9,647.25","9,682.40","9,688.70","9,641.50","9,665.94",0.00064,,,,-0.17%,,,,,,,,,,160.16M
07-06-2017,"9,663.90","9,663.95","9,678.55","9,630.55","9,691.01",0.00259,0.005994,0.003711148,,0.28%,,,,,,,,,,165.67M
06-06-2017,"9,637.15","9,704.25","9,709.30","9,630.20","9,666.40",-0.002542,,,,-0.39%,,,,,,,,,,150.38M
05-06-2017,"9,675.10","9,656.30","9,687.20","9,640.70","9,677.54",0.001152,,,,0.22%,,,,,,,,,,131.69M
02-06-2017,"9,653.50","9,657.15","9,673.50","9,637.45","9,694.81",0.001783,,,,0.39%,,,,,,,,,,167.20M
01-06-2017,"9,616.10","9,603.55","9,634.65","9,589.90","9,598.75",-0.009958,,,,-0.05%,,,,,,,,,,181.53M
31-05-2017,"9,621.25","9,636.55","9,649.60","9,609.25","9,633.66",0.00363,-0.005935,0.005391426,,-0.03%,,,,,,,,,,427.05M
30-05-2017,"9,624.55","9,590.65","9,635.30","9,581.20","9,609.83",-0.002476,,,,0.20%,,,,,,,,,,199.89M
29-05-2017,"9,604.90","9,560.05","9,637.75","9,547.70","9,569.61",-0.004194,,,,0.10%,,,,,,,,,,242.27M
26-05-2017,"9,595.10","9,507.75","9,604.90","9,495.40","9,593.32",0.002475,,,,0.90%,,,,,,,,,,225.65M
25-05-2017,"9,509.75","9,384.05","9,523.30","9,379.20","9,533.26",-0.006281,,,,1.59%,,,,,,,,,,298.15M
24-05-2017,"9,360.55","9,410.90","9,431.90","9,341.65","9,385.49",-0.015621,-0.026098,0.006653941,,-0.27%,,,,,,,,,,218.26M
23-05-2017,"9,386.15","9,445.05","9,448.05","9,370.00","9,393.10",0.000811,,,,-0.55%,,,,,,,,,,231.35M
22-05-2017,"9,438.25","9,480.25","9,498.65","9,427.90","9,490.68",0.010334,,,,0.11%,,,,,,,,,,202.88M
19-05-2017,"9,427.90","9,469.90","9,505.75","9,390.75","9,468.01",-0.002392,,,,-0.02%,,,,,,,,,,259.86M
18-05-2017,"9,429.45","9,453.20","9,489.10","9,418.10","9,357.72",-0.011716,,,,-1.01%,,,,,,,,,,199.34M
17-05-2017,"9,525.75","9,517.60","9,532.60","9,486.10","9,530.92",0.01834,0.015377,0.011613684,,0.14%,,,,,,,,,,211.86M
16-05-2017,"9,512.25","9,461.00","9,517.20","9,456.35","9,528.17",-0.000289,,,,0.71%,,,,,,,,,,171.71M
15-05-2017,"9,445.40","9,433.55","9,449.25","9,423.10","9,477.89",-0.005292,,,,0.47%,,,,,,,,,,145.16M
12-05-2017,"9,400.90","9,436.65","9,437.75","9,372.55","9,414.95",-0.006663,,,,-0.23%,,,,,,,,,,159.08M
11-05-2017,"9,422.40","9,448.60","9,450.65","9,411.30","9,463.72",0.005167,,,,0.16%,,,,,,,,,,176.44M
10-05-2017,"9,407.30","9,339.65","9,414.75","9,336.00","9,430.24",-0.003543,-0.01062,0.00472166,,0.97%,,,,,,,,,,157.36M
09-05-2017,"9,316.85","9,337.35","9,338.95","9,307.70","9,340.15",-0.0096,,,,0.03%,,,,,,,,,,136.42M
08-05-2017,"9,314.05","9,311.45","9,338.70","9,297.95","9,340.32",0.000018,,,,0.31%,,,,,,,,,,179.71M
05-05-2017,"9,285.30","9,374.55","9,377.10","9,272.00","9,299.55",-0.004374,,,,-0.80%,,,,,,,,,,239.13M
04-05-2017,"9,359.90","9,360.95","9,365.65","9,323.25","9,408.69",0.011667,,,,0.51%,,,,,,,,,,277.90M
03-05-2017,"9,311.95","9,344.70","9,346.30","9,298.40","9,342.83",-0.007025,-0.009313,0.008357754,,-0.02%,,,,,,,,,,156.34M
02-05-2017,"9,313.80","9,339.85","9,352.55","9,269.90","9,349.19",0.00068,,,,0.10%,,,,,,,,,,166.56M
28-04-2017,"9,304.05","9,340.95","9,342.65","9,282.25","9,302.65",-0.00499,,,,-0.41%,,,,,,,,,,167.23M
27-04-2017,"9,342.15","9,359.15","9,367.15","9,322.65","9,349.79",0.005054,,,,-0.10%,,,,,,,,,,215.88M
26-04-2017,"9,351.85","9,336.20","9,367.00","9,301.35","9,381.95",0.003433,,,,0.49%,,,,,,,,,,191.40M
25-04-2017,"9,306.60","9,273.05","9,309.20","9,250.35","9,362.07",-0.002121,0.002057,0.004072818,,0.96%,,,,,,,,,,173.90M
24-04-2017,"9,217.95","9,135.35","9,225.40","9,130.55","9,234.01",-0.013773,,,,1.08%,,,,,,,,,,172.91M
21-04-2017,"9,119.40","9,179.10","9,183.65","9,088.75","9,161.66",-0.007866,,,,-0.19%,,,,,,,,,,159.98M
20-04-2017,"9,136.40","9,108.10","9,143.90","9,102.65","9,140.89",-0.00227,,,,0.36%,,,,,,,,,,175.63M
19-04-2017,"9,103.50","9,112.20","9,120.50","9,075.15","9,110.38",-0.003344,,,,-0.02%,,,,,,,,,,179.12M
18-04-2017,"9,105.15","9,163.00","9,217.90","9,095.45","9,129.10",0.002053,-0.0252,0.006023084,,-0.37%,,,,,,,,,,179.57M
17-04-2017,"9,139.30","9,144.75","9,160.00","9,120.25","9,132.86",0.000412,,,,-0.13%,,,,,,,,,,132.24M
13-04-2017,"9,150.80","9,202.50","9,202.65","9,144.95","9,150.05",0.00188,,,,-0.57%,,,,,,,,,,171.70M
12-04-2017,"9,203.45","9,242.50","9,246.40","9,161.80","9,209.23",0.006447,,,,-0.36%,,,,,,,,,,166.76M
11-04-2017,"9,237.00","9,184.55","9,242.70","9,172.85","9,240.58",0.003398,,,,0.61%,,,,,,,,,,206.26M
10-04-2017,"9,181.45","9,225.60","9,225.65","9,174.85","9,208.99",-0.003424,0.008714,0.003652087,,-0.18%,,,,,,,,,,139.97M
07-04-2017,"9,198.30","9,223.70","9,250.50","9,188.10","9,160.06",-0.005328,,,,-0.69%,,,,,,,,,,195.92M
06-04-2017,"9,261.95","9,245.80","9,267.95","9,218.85","9,243.03",0.009017,,,,-0.03%,,,,,,,,,,191.94M
05-04-2017,"9,265.15","9,264.40","9,273.90","9,215.40","9,292.19",0.005305,,,,0.30%,,,,,,,,,,190.53M
03-04-2017,"9,237.85","9,220.60","9,245.35","9,192.40","9,285.14",-0.000759,,,,0.70%,,,,,,,,,,143.44M
31-03-2017,"9,173.75","9,158.90","9,191.70","9,152.10","9,158.90",-0.01369,-0.005455,0.008942516,,0.00%,,,,,,,,,,196.77M
30-03-2017,"9,173.75","9,142.60","9,183.15","9,136.35","9,172.77",0.001513,,,,0.33%,,,,,,,,,,333.41M
29-03-2017,"9,143.80","9,128.70","9,153.15","9,109.10","9,171.60",-0.000127,,,,0.47%,,,,,,,,,,250.90M
28-03-2017,"9,100.80","9,081.50","9,110.40","9,079.80","9,136.90",-0.003791,,,,0.61%,,,,,,,,,,188.99M
27-03-2017,"9,045.20","9,093.45","9,094.85","9,024.65","9,030.71",-0.01169,,,,-0.69%,,,,,,,,,,209.04M
24-03-2017,"9,108.00","9,104.00","9,133.55","9,089.40","9,125.85",0.010481,-0.003615,0.008071159,,0.24%,,,,,,,,,,210.02M
23-03-2017,"9,086.30","9,048.75","9,099.05","9,048.60","9,104.85",-0.002304,,,,0.62%,,,,,,,,,,197.70M
22-03-2017,"9,030.45","9,047.20","9,072.90","9,019.30","8,956.73",-0.016403,,,,-1.00%,,,,,,,,,,239.46M
21-03-2017,"9,121.50","9,133.95","9,147.75","9,087.20","9,128.47",0.018993,,,,-0.06%,,,,,,,,,,255.40M
20-03-2017,"9,126.85","9,166.95","9,167.60","9,116.30","9,133.95",0.0006,,,,-0.36%,,,,,,,,,,342.40M
17-03-2017,"9,160.05","9,207.80","9,218.40","9,147.60","9,214.25",0.008753,0.00964,0.013166893,,0.07%,,,,,,,,,,295.55M
16-03-2017,"9,153.70","9,129.65","9,158.45","9,128.55","9,199.04",-0.001652,,,,0.76%,,,,,,,,,,215.10M
15-03-2017,"9,084.80","9,086.85","9,106.55","9,075.50","9,085.03",-0.01247,,,,-0.02%,,,,,,,,,,248.03M
14-03-2017,"9,087.00","9,091.65","9,122.75","9,060.50","9,247.12",0.017684,,,,1.71%,,,,,,,,,,278.73M
10-03-2017,"8,934.55","8,953.70","8,975.70","8,903.95","8,960.86",-0.031445,,,,0.08%,,,,,,,,,,157.42M
09-03-2017,"8,927.00","8,914.50","8,945.80","8,899.50","8,917.17",-0.004887,-0.032772,0.017810433,,0.03%,,,,,,,,,,176.81M
08-03-2017,"8,924.30","8,950.70","8,957.05","8,891.95","8,928.32",0.001249,,,,-0.25%,,,,,,,,,,183.33M
07-03-2017,"8,946.90","8,977.75","8,977.85","8,932.80","8,961.59",0.003719,,,,-0.18%,,,,,,,,,,178.83M
06-03-2017,"8,963.45","8,915.10","8,967.80","8,914.00","8,981.07",0.002172,,,,0.74%,,,,,,,,,,180.20M
03-03-2017,"8,897.55","8,883.50","8,907.10","8,860.10","8,881.72",-0.011124,,,,-0.02%,,,,,,,,,,208.92M
02-03-2017,"8,899.75","8,982.85","8,992.50","8,879.80","8,937.04",0.006209,0.002225,0.006734225,,-0.51%,,,,,,,,,,225.61M
01-03-2017,"8,945.80","8,904.40","8,960.80","8,898.60","8,971.18",0.003813,,,,0.75%,,,,,,,,,,212.33M
28-02-2017,"8,879.60","8,898.95","8,914.75","8,867.60","8,882.04",-0.009986,,,,-0.19%,,,,,,,,,,302.72M
27-02-2017,"8,896.70","8,943.70","8,951.80","8,888.65","8,900.77",0.002106,,,,-0.48%,,,,,,,,,,195.85M
23-02-2017,"8,939.50","8,956.40","8,982.15","8,927.55","8,968.94",0.00763,,,,0.14%,,,,,,,,,,388.87M
22-02-2017,"8,926.90","8,931.60","8,960.75","8,905.25","8,950.36",-0.002074,0.001489,0.006722509,,0.21%,,,,,,,,,,254.68M
21-02-2017,"8,907.85","8,890.75","8,920.80","8,860.95","8,919.20",-0.003487,,,,0.32%,,,,,,,,,,181.09M
20-02-2017,"8,879.20","8,818.55","8,886.25","8,809.80","8,875.87",-0.00487,,,,0.65%,,,,,,,,,,173.02M
17-02-2017,"8,821.70","8,883.70","8,896.45","8,804.25","8,928.12",0.005869,,,,0.50%,,,,,,,,,,307.53M
16-02-2017,"8,778.00","8,739.00","8,783.95","8,719.60","8,792.31",-0.015328,,,,0.61%,,,,,,,,,,190.28M
15-02-2017,"8,724.70","8,778.95","8,807.90","8,712.85","8,711.35",-0.00925,-0.027066,0.007815591,,-0.77%,,,,,,,,,,222.83M
14-02-2017,"8,792.30","8,819.90","8,820.45","8,772.50","8,807.55",0.010983,,,,-0.14%,,,,,,,,,,194.13M
13-02-2017,"8,805.05","8,819.80","8,826.90","8,754.20","8,831.27",0.002689,,,,0.13%,,,,,,,,,,211.18M
10-02-2017,"8,793.55","8,812.35","8,822.10","8,771.20","8,827.33",-0.000446,,,,0.17%,,,,,,,,,,232.95M
09-02-2017,"8,778.40","8,795.55","8,821.40","8,724.10","8,805.23",-0.002507,,,,0.11%,,,,,,,,,,193.28M
08-02-2017,"8,769.05","8,774.55","8,791.25","8,715.00","8,775.43",-0.00339,0.007328,0.005811219,,0.01%,,,,,,,,,,225.49M
07-02-2017,"8,768.30","8,805.70","8,809.30","8,741.05","8,773.12",-0.000263,,,,-0.37%,,,,,,,,,,233.30M
06-02-2017,"8,801.05","8,785.45","8,814.10","8,770.20","8,846.07",0.008281,,,,0.69%,,,,,,,,,,200.40M
03-02-2017,"8,740.95","8,735.15","8,748.25","8,707.75","8,742.14",-0.011818,,,,0.08%,,,,,,,,,,196.94M
02-02-2017,"8,734.25","8,724.75","8,757.60","8,685.80","8,742.20",0.000007,,,,0.20%,,,,,,,,,,292.33M
01-02-2017,"8,716.40","8,570.35","8,722.40","8,537.50","8,725.47",-0.001915,-0.005709,0.007167069,,1.81%,,,,,,,,,,337.80M
31-01-2017,"8,561.30","8,629.45","8,631.75","8,552.40","8,557.83",-0.019401,,,,-0.83%,,,,,,,,,,537.11M
30-01-2017,"8,632.75","8,635.55","8,662.60","8,617.75","8,626.91",0.008041,,,,-0.10%,,,,,,,,,,314.11M
27-01-2017,"8,641.25","8,610.50","8,672.70","8,606.90","8,649.25",0.002585,,,,0.45%,,,,,,,,,,283.91M
25-01-2017,"8,602.75","8,499.45","8,612.60","8,493.95","8,626.94",-0.002582,,,,1.50%,,,,,,,,,,301.49M
24-01-2017,"8,475.80","8,407.05","8,480.95","8,398.15","8,491.12",-0.015869,-0.027226,0.01181068,,1.00%,,,,,,,,,,184.75M
23-01-2017,"8,391.50","8,329.60","8,404.15","8,327.20","8,371.25",-0.014218,,,,0.50%,,,,,,,,,,200.99M
20-01-2017,"8,349.35","8,404.35","8,423.65","8,340.95","8,318.63",-0.006306,,,,-1.02%,,,,,,,,,,208.90M
19-01-2017,"8,435.10","8,418.40","8,445.15","8,404.05","8,436.92",0.01412,,,,0.22%,,,,,,,,,,170.96M
18-01-2017,"8,417.00","8,403.85","8,460.30","8,397.40","8,423.18",-0.00163,,,,0.23%,,,,,,,,,,168.87M
17-01-2017,"8,398.00","8,415.05","8,440.90","8,378.30","8,399.90",-0.002767,-0.010801,0.010347488,,-0.18%,,,,,,,,,,125.78M
16-01-2017,"8,412.80","8,390.95","8,426.70","8,374.40","8,403.54",0.000432,,,,0.15%,,,,,,,,,,127.94M
13-01-2017,"8,400.35","8,457.65","8,461.05","8,373.15","8,450.88",0.005618,,,,-0.08%,,,,,,,,,,190.95M
12-01-2017,"8,407.20","8,391.05","8,417.20","8,382.30","8,417.90",-0.00391,,,,0.32%,,,,,,,,,,177.95M
11-01-2017,"8,380.65","8,327.80","8,389.00","8,322.25","8,420.24",0.000278,,,,1.11%,,,,,,,,,,192.28M
10-01-2017,"8,288.60","8,262.70","8,293.80","8,261.00","8,315.58",-0.012507,-0.010089,0.006767444,,0.64%,,,,,,,,,,147.31M
09-01-2017,"8,236.05","8,259.35","8,263.00","8,227.75","8,251.92",-0.007686,,,,-0.09%,,,,,,,,,,102.21M
06-01-2017,"8,243.80","8,281.85","8,306.85","8,233.25","8,252.04",0.000014,,,,-0.36%,,,,,,,,,,143.69M
05-01-2017,"8,273.80","8,226.65","8,282.65","8,223.70","8,310.56",0.007067,,,,1.02%,,,,,,,,,,163.96M
04-01-2017,"8,190.50","8,202.65","8,218.50","8,180.90","8,201.01",-0.01327,,,,-0.02%,,,,,,,,,,136.48M
03-01-2017,"8,192.25","8,196.05","8,219.10","8,148.60","8,209.16",0.000994,-0.01288,0.007951662,,0.16%,,,,,,,,,,131.19M
