Date,Price,Open,High,Low,Vol.,Change %
2024-01-26,3736.40,3736.40,3736.40,3736.40,,0.19%
2024-01-25,3729.20,3729.20,3729.20,3729.20,,0.10%
2024-01-24,3725.30,3725.30,3725.30,3725.30,,1.48%
2024-01-23,3671.00,3671.00,3671.00,3671.00,,1.62%
2024-01-22,3612.40,3612.40,3612.40,3612.40,,-0.10%
2024-01-19,3616.10,3616.10,3616.10,3616.10,,0.31%
2024-01-18,3604.80,3604.80,3604.80,3604.80,,0.25%
2024-01-17,3595.80,3595.80,3595.80,3595.80,,-1.24%
2024-01-16,3640.90,3640.90,3640.90,3640.90,,-0.08%
2024-01-15,3643.70,3643.70,3643.70,3643.70,,0.25%
2024-01-12,3634.60,3634.60,3634.60,3634.60,,-0.26%
2024-01-11,3643.90,3643.90,3643.90,3643.90,,0.43%
2024-01-10,3628.20,3628.20,3628.20,3628.20,,0.01%
2024-01-09,3627.90,3627.90,3627.90,3627.90,,-0.50%
2024-01-08,3646.10,3646.10,3646.10,3646.10,,-0.77%
2024-01-05,3674.30,3674.30,3674.30,3674.30,,0.11%
2024-01-04,3670.30,3670.30,3670.30,3670.30,,-1.05%
2024-01-03,3709.10,3709.10,3709.10,3709.10,,-0.59%
2024-01-02,3731.20,3731.20,3731.20,3731.20,,-0.82%
2023-12-29,3762.10,3762.10,3762.10,3762.10,,-0.46%
2023-12-28,3779.40,3779.40,3779.40,3779.40,,-0.58%
2023-12-27,3801.40,3801.40,3801.40,3801.40,,1.73%
2023-12-22,3736.90,3736.90,3736.90,3736.90,,0.55%
2023-12-21,3716.60,3716.60,3716.60,3716.60,,0.04%
2023-12-20,3715.20,3715.20,3715.20,3715.20,,-0.23%
2023-12-19,3723.60,3723.60,3723.60,3723.60,,0.86%
2023-12-18,3691.90,3691.90,3691.90,3691.90,,-0.53%
2023-12-15,3711.50,3711.50,3711.50,3711.50,,0.44%
2023-12-14,3695.10,3695.10,3695.10,3695.10,,3.20%
2023-12-13,3580.50,3580.50,3580.50,3580.50,,0.00%
2023-12-12,3580.40,3580.40,3580.40,3580.40,,0.17%
2023-12-11,3574.30,3574.30,3574.30,3574.30,,-1.03%
2023-12-08,3611.40,3611.40,3611.40,3611.40,,0.79%
2023-12-07,3583.10,3583.10,3583.10,3583.10,,0.26%
2023-12-06,3573.90,3573.90,3573.90,3573.90,,-0.33%
2023-12-05,3585.90,3585.90,3585.90,3585.90,,-1.36%
2023-12-04,3635.50,3635.50,3635.50,3635.50,,-1.72%
2023-12-01,3699.30,3699.30,3699.30,3699.30,,1.54%
2023-11-30,3643.20,3643.20,3643.20,3643.20,,-0.24%
2023-11-29,3652.10,3652.10,3652.10,3652.10,,-0.34%
2023-11-28,3664.50,3664.50,3664.50,3664.50,,1.19%
2023-11-27,3621.30,3621.30,3621.30,3621.30,,-0.91%
2023-11-24,3654.40,3654.40,3654.40,3654.40,,-0.28%
2023-11-23,3664.60,3664.60,3664.60,3664.60,,0.57%
2023-11-22,3643.80,3643.80,3643.80,3643.80,,-1.56%
2023-11-21,3701.50,3701.50,3701.50,3701.50,,0.21%
2023-11-20,3693.60,3693.60,3693.60,3693.60,,1.45%
2023-11-17,3640.80,3640.80,3640.80,3640.80,,0.06%
2023-11-16,3638.60,3638.60,3638.60,3638.60,,-0.88%
2023-11-15,3670.90,3670.90,3670.90,3670.90,,0.45%
2023-11-14,3654.40,3654.40,3654.40,3654.40,,0.82%
2023-11-13,3624.50,3624.50,3624.50,3624.50,,1.03%
2023-11-10,3587.60,3587.60,3587.60,3587.60,,-1.46%
2023-11-09,3640.60,3640.60,3640.60,3640.60,,-0.04%
2023-11-08,3642.20,3642.20,3642.20,3642.20,,-0.02%
2023-11-07,3642.90,3642.90,3642.90,3642.90,,-0.81%
2023-11-06,3672.80,3672.80,3672.80,3672.80,,1.02%
2023-11-03,3635.70,3635.70,3635.70,3635.70,,0.90%
2023-11-02,3603.40,3603.40,3603.40,3603.40,,0.05%
2023-11-01,3601.60,3601.60,3601.60,3601.60,,-0.01%
2023-10-31,3602.00,3602.00,3602.00,3602.00,,-0.94%
2023-10-30,3636.30,3636.30,3636.30,3636.30,,0.74%
2023-10-27,3609.60,3609.60,3609.60,3609.60,,1.32%
2023-10-26,3562.50,3562.50,3562.50,3562.50,,-0.86%
2023-10-25,3593.50,3593.50,3593.50,3593.50,,0.25%
2023-10-24,3584.70,3584.70,3584.70,3584.70,,0.90%
2023-10-23,3552.70,3552.70,3552.70,3552.70,,-0.20%
2023-10-20,3559.70,3559.70,3559.70,3559.70,,-0.27%
2023-10-19,3569.30,3569.30,3569.30,3569.30,,-0.04%
2023-10-18,3570.60,3570.60,3570.60,3570.60,,0.27%
2023-10-17,3561.10,3561.10,3561.10,3561.10,,-0.12%
2023-10-16,3565.50,3565.50,3565.50,3565.50,,0.12%
2023-10-13,3561.10,3561.10,3561.10,3561.10,,-0.33%
2023-10-12,3573.00,3573.00,3573.00,3573.00,,-0.06%
2023-10-11,3575.00,3575.00,3575.00,3575.00,,-0.07%
2023-10-10,3577.60,3577.60,3577.60,3577.60,,-1.28%
2023-10-09,3624.00,3624.00,3624.00,3624.00,,0.69%
2023-10-06,3599.10,3599.10,3599.10,3599.10,,1.35%
2023-10-05,3551.20,3551.20,3551.20,3551.20,,-0.60%
2023-10-04,3572.60,3572.60,3572.60,3572.60,,-0.83%
2023-10-03,3602.60,3602.60,3602.60,3602.60,,-0.97%
2023-10-02,3638.00,3638.00,3638.00,3638.00,,-2.12%
2023-09-29,3716.90,3716.90,3716.90,3716.90,,0.69%
2023-09-28,3691.30,3691.30,3691.30,3691.30,,1.51%
2023-09-27,3636.40,3636.40,3636.40,3636.40,,-0.09%
2023-09-26,3639.60,3639.60,3639.60,3639.60,,-0.36%
2023-09-25,3652.60,3652.60,3652.60,3652.60,,-1.01%
2023-09-22,3689.70,3689.70,3689.70,3689.70,,0.94%
2023-09-21,3655.30,3655.30,3655.30,3655.30,,-1.85%
2023-09-20,3724.10,3724.10,3724.10,3724.10,,0.73%
2023-09-19,3697.00,3697.00,3697.00,3697.00,,-0.66%
2023-09-18,3721.70,3721.70,3721.70,3721.70,,0.06%
2023-09-15,3719.50,3719.50,3719.50,3719.50,,-0.74%
2023-09-14,3747.10,3747.10,3747.10,3747.10,,0.57%
2023-09-13,3725.80,3725.80,3725.80,3725.80,,0.62%
2023-09-12,3702.90,3702.90,3702.90,3702.90,,-0.62%
2023-09-11,3725.90,3725.90,3725.90,3725.90,,1.69%
2023-09-08,3664.00,3664.00,3664.00,3664.00,,-1.03%
2023-09-07,3702.30,3702.30,3702.30,3702.30,,-0.36%
2023-09-06,3715.50,3715.50,3715.50,3715.50,,-1.05%
2023-09-05,3755.00,3755.00,3755.00,3755.00,,0.11%
2023-09-04,3751.00,3751.00,3751.00,3751.00,,-0.50%
2023-09-01,3769.70,3769.70,3769.70,3769.70,,1.40%
2023-08-31,3717.60,3717.60,3717.60,3717.60,,-0.39%
2023-08-30,3732.00,3732.00,3732.00,3732.00,,0.41%
2023-08-29,3716.60,3716.60,3716.60,3716.60,,0.88%
2023-08-25,3684.00,3684.00,3684.00,3684.00,,-0.27%
2023-08-24,3693.80,3693.80,3693.80,3693.80,,-0.85%
2023-08-23,3725.50,3725.50,3725.50,3725.50,,0.99%
2023-08-22,3688.80,3688.80,3688.80,3688.80,,1.20%
2023-08-21,3645.00,3645.00,3645.00,3645.00,,0.40%
2023-08-18,3630.40,3630.40,3630.40,3630.40,,-0.08%
2023-08-17,3633.20,3633.20,3633.20,3633.20,,0.86%
2023-08-16,3602.20,3602.20,3602.20,3602.20,,-0.32%
2023-08-15,3613.80,3613.80,3613.80,3613.80,,-0.87%
2023-08-14,3645.40,3645.40,3645.40,3645.40,,-0.80%
2023-08-11,3674.90,3674.90,3674.90,3674.90,,-1.27%
2023-08-10,3722.10,3722.10,3722.10,3722.10,,0.00%
2023-08-09,3722.20,3722.20,3722.20,3722.20,,0.27%
2023-08-08,3712.10,3712.10,3712.10,3712.10,,-1.50%
2023-08-07,3768.70,3768.70,3768.70,3768.70,,-0.71%
2023-08-04,3795.60,3795.60,3795.60,3795.60,,-0.43%
2023-08-03,3812.10,3812.10,3812.10,3812.10,,0.98%
2023-08-02,3775.00,3775.00,3775.00,3775.00,,-1.86%
2023-08-01,3846.70,3846.70,3846.70,3846.70,,-1.71%
2023-07-31,3913.50,3913.50,3913.50,3913.50,,1.74%
2023-07-28,3846.40,3846.40,3846.40,3846.40,,1.19%
2023-07-27,3801.30,3801.30,3801.30,3801.30,,-0.46%
2023-07-26,3818.90,3818.90,3818.90,3818.90,,-1.04%
2023-07-25,3858.90,3858.90,3858.90,3858.90,,1.98%
2023-07-24,3783.90,3783.90,3783.90,3783.90,,0.93%
2023-07-21,3748.90,3748.90,3748.90,3748.90,,-0.42%
2023-07-20,3764.80,3764.80,3764.80,3764.80,,0.86%
2023-07-19,3732.60,3732.60,3732.60,3732.60,,-0.67%
2023-07-18,3757.80,3757.80,3757.80,3757.80,,-0.59%
2023-07-17,3780.00,3780.00,3780.00,3780.00,,-1.75%
2023-07-14,3847.40,3847.40,3847.40,3847.40,,-0.20%
2023-07-13,3855.20,3855.20,3855.20,3855.20,,1.78%
2023-07-12,3787.70,3787.70,3787.70,3787.70,,2.75%
2023-07-11,3686.20,3686.20,3686.20,3686.20,,-0.27%
2023-07-10,3696.30,3696.30,3696.30,3696.30,,-0.06%
2023-07-07,3698.60,3698.60,3698.60,3698.60,,0.64%
2023-07-06,3675.20,3675.20,3675.20,3675.20,,-0.35%
2023-07-05,3688.10,3688.10,3688.10,3688.10,,-0.36%
2023-07-04,3701.40,3701.40,3701.40,3701.40,,-0.08%
2023-07-03,3704.30,3704.30,3704.30,3704.30,,0.63%
2023-06-30,3681.10,3681.10,3681.10,3681.10,,1.18%
2023-06-29,3638.20,3638.20,3638.20,3638.20,,-0.50%
2023-06-28,3656.30,3656.30,3656.30,3656.30,,-1.47%
2023-06-27,3710.70,3710.70,3710.70,3710.70,,0.80%
2023-06-26,3681.10,3681.10,3681.10,3681.10,,-1.04%
2023-06-23,3719.60,3719.60,3719.60,3719.60,,-1.84%
2023-06-22,3789.40,3789.40,3789.40,3789.40,,-0.35%
2023-06-21,3802.90,3802.90,3802.90,3802.90,,0.37%
2023-06-20,3789.00,3789.00,3789.00,3789.00,,-0.46%
2023-06-19,3806.40,3806.40,3806.40,3806.40,,-0.80%
2023-06-16,3837.10,3837.10,3837.10,3837.10,,0.20%
2023-06-15,3829.60,3829.60,3829.60,3829.60,,0.49%
2023-06-14,3810.90,3810.90,3810.90,3810.90,,1.45%
2023-06-13,3756.30,3756.30,3756.30,3756.30,,1.78%
2023-06-12,3690.60,3690.60,3690.60,3690.60,,-1.25%
2023-06-09,3737.20,3737.20,3737.20,3737.20,,0.45%
2023-06-08,3720.50,3720.50,3720.50,3720.50,,0.60%
2023-06-07,3698.30,3698.30,3698.30,3698.30,,0.27%
2023-06-06,3688.40,3688.40,3688.40,3688.40,,-0.14%
2023-06-05,3693.50,3693.50,3693.50,3693.50,,0.19%
2023-06-02,3686.60,3686.60,3686.60,3686.60,,-0.14%
2023-06-01,3691.80,3691.80,3691.80,3691.80,,1.76%
2023-05-31,3627.90,3627.90,3627.90,3627.90,,-0.46%
2023-05-30,3644.70,3644.70,3644.70,3644.70,,-0.27%
2023-05-26,3654.70,3654.70,3654.70,3654.70,,1.53%
2023-05-25,3599.80,3599.80,3599.80,3599.80,,1.00%
2023-05-24,3564.20,3564.20,3564.20,3564.20,,-1.94%
2023-05-23,3634.70,3634.70,3634.70,3634.70,,-1.06%
2023-05-22,3673.60,3673.60,3673.60,3673.60,,-1.30%
2023-05-19,3722.00,3722.00,3722.00,3722.00,,0.89%
2023-05-18,3689.20,3689.20,3689.20,3689.20,,-1.30%
2023-05-17,3737.70,3737.70,3737.70,3737.70,,1.85%
2023-05-16,3669.70,3669.70,3669.70,3669.70,,-1.46%
2023-05-15,3724.10,3724.10,3724.10,3724.10,,0.09%
2023-05-12,3720.70,3720.70,3720.70,3720.70,,0.81%
2023-05-11,3690.70,3690.70,3690.70,3690.70,,-3.10%
2023-05-10,3808.90,3808.90,3808.90,3808.90,,-1.82%
2023-05-09,3879.40,3879.40,3879.40,3879.40,,-0.38%
2023-05-05,3894.20,3894.20,3894.20,3894.20,,1.37%
2023-05-04,3841.60,3841.60,3841.60,3841.60,,-0.76%
2023-05-03,3871.00,3871.00,3871.00,3871.00,,-0.76%
2023-05-02,3900.80,3900.80,3900.80,3900.80,,-0.17%
2023-04-28,3907.60,3907.60,3907.60,3907.60,,0.71%
2023-04-27,3880.20,3880.20,3880.20,3880.20,,0.26%
2023-04-26,3870.20,3870.20,3870.20,3870.20,,0.37%
2023-04-25,3855.80,3855.80,3855.80,3855.80,,-2.58%
2023-04-24,3957.80,3957.80,3957.80,3957.80,,-0.68%
2023-04-21,3984.90,3984.90,3984.90,3984.90,,-1.12%
2023-04-20,4030.10,4030.10,4030.10,4030.10,,-0.96%
2023-04-19,4069.10,4069.10,4069.10,4069.10,,-0.61%
2023-04-18,4094.00,4094.00,4094.00,4094.00,,1.40%
2023-04-17,4037.40,4037.40,4037.40,4037.40,,0.14%
2023-04-14,4031.60,4031.60,4031.60,4031.60,,0.28%
2023-04-13,4020.50,4020.50,4020.50,4020.50,,1.65%
2023-04-12,3955.10,3955.10,3955.10,3955.10,,0.89%
2023-04-11,3920.30,3920.30,3920.30,3920.30,,0.09%
2023-04-06,3916.80,3916.80,3916.80,3916.80,,0.13%
2023-04-05,3911.60,3911.60,3911.60,3911.60,,-0.56%
2023-04-04,3933.50,3933.50,3933.50,3933.50,,-1.77%
2023-04-03,4004.30,4004.30,4004.30,4004.30,,-0.84%
2023-03-31,4038.20,4038.20,4038.20,4038.20,,0.35%
2023-03-30,4024.30,4024.30,4024.30,4024.30,,-0.30%
2023-03-29,4036.30,4036.30,4036.30,4036.30,,0.06%
2023-03-28,4033.70,4033.70,4033.70,4033.70,,0.52%
2023-03-27,4012.70,4012.70,4012.70,4012.70,,0.81%
2023-03-24,3980.50,3980.50,3980.50,3980.50,,-0.16%
2023-03-23,3986.70,3986.70,3986.70,3986.70,,1.57%
2023-03-22,3925.00,3925.00,3925.00,3925.00,,1.12%
2023-03-21,3881.60,3881.60,3881.60,3881.60,,0.16%
2023-03-20,3875.40,3875.40,3875.40,3875.40,,0.57%
2023-03-17,3853.60,3853.60,3853.60,3853.60,,0.73%
2023-03-16,3825.50,3825.50,3825.50,3825.50,,0.03%
2023-03-15,3824.40,3824.40,3824.40,3824.40,,-2.96%
2023-03-14,3940.90,3940.90,3940.90,3940.90,,-0.64%
2023-03-13,3966.20,3966.20,3966.20,3966.20,,0.84%
2023-03-10,3933.00,3933.00,3933.00,3933.00,,-0.48%
2023-03-09,3952.10,3952.10,3952.10,3952.10,,-0.74%
2023-03-08,3981.60,3981.60,3981.60,3981.60,,0.87%
2023-03-07,3947.10,3947.10,3947.10,3947.10,,-1.71%
2023-03-06,4015.80,4015.80,4015.80,4015.80,,-0.84%
2023-03-03,4049.70,4049.70,4049.70,4049.70,,0.38%
2023-03-02,4034.50,4034.50,4034.50,4034.50,,-1.70%
2023-03-01,4104.10,4104.10,4104.10,4104.10,,1.81%
2023-02-28,4031.20,4031.20,4031.20,4031.20,,0.69%
2023-02-27,4003.60,4003.60,4003.60,4003.60,,1.25%
2023-02-24,3954.00,3954.00,3954.00,3954.00,,-2.26%
2023-02-23,4045.50,4045.50,4045.50,4045.50,,-2.12%
2023-02-22,4133.10,4133.10,4133.10,4133.10,,-1.55%
2023-02-21,4198.20,4198.20,4198.20,4198.20,,0.64%
2023-02-20,4171.40,4171.40,4171.40,4171.40,,2.48%
2023-02-17,4070.50,4070.50,4070.50,4070.50,,-0.54%
2023-02-16,4092.40,4092.40,4092.40,4092.40,,1.20%
2023-02-15,4043.90,4043.90,4043.90,4043.90,,-1.14%
2023-02-14,4090.50,4090.50,4090.50,4090.50,,-0.23%
2023-02-13,4100.00,4100.00,4100.00,4100.00,,0.02%
2023-02-10,4099.20,4099.20,4099.20,4099.20,,-2.08%
2023-02-09,4186.30,4186.30,4186.30,4186.30,,1.50%
2023-02-08,4124.60,4124.60,4124.60,4124.60,,-0.35%
2023-02-07,4138.90,4138.90,4138.90,4138.90,,0.27%
2023-02-06,4127.90,4127.90,4127.90,4127.90,,-2.03%
2023-02-03,4213.60,4213.60,4213.60,4213.60,,-1.85%
2023-02-02,4293.00,4293.00,4293.00,4293.00,,0.06%
2023-02-01,4290.60,4290.60,4290.60,4290.60,,-1.51%
2023-01-31,4356.30,4356.30,4356.30,4356.30,,0.67%
2023-01-30,4327.40,4327.40,4327.40,4327.40,,-0.61%
2023-01-27,4354.10,4354.10,4354.10,4354.10,,-1.12%
2023-01-26,4403.50,4403.50,4403.50,4403.50,,0.42%
2023-01-25,4385.00,4385.00,4385.00,4385.00,,0.45%
2023-01-24,4365.40,4365.40,4365.40,4365.40,,0.33%
2023-01-23,4351.20,4351.20,4351.20,4351.20,,0.05%
2023-01-20,4348.90,4348.90,4348.90,4348.90,,0.02%
2023-01-19,4348.10,4348.10,4348.10,4348.10,,0.06%
2023-01-18,4345.60,4345.60,4345.60,4345.60,,1.15%
2023-01-17,4296.30,4296.30,4296.30,4296.30,,0.81%
2023-01-16,4261.60,4261.60,4261.60,4261.60,,-0.26%
2023-01-13,4272.60,4272.60,4272.60,4272.60,,0.84%
2023-01-12,4236.80,4236.80,4236.80,4236.80,,0.97%
2023-01-11,4195.90,4195.90,4195.90,4195.90,,1.81%
2023-01-10,4121.50,4121.50,4121.50,4121.50,,0.31%
2023-01-09,4108.80,4108.80,4108.80,4108.80,,3.26%
2023-01-06,3979.10,3979.10,3979.10,3979.10,,1.89%
2023-01-05,3905.40,3905.40,3905.40,3905.40,,-0.24%
2023-01-04,3914.60,3914.60,3914.60,3914.60,,-1.44%
2023-01-03,3971.80,3971.80,3971.80,3971.80,,-0.30%
2022-12-30,3983.80,3983.80,3983.80,3983.80,,-0.61%
2022-12-29,4008.40,4008.40,4008.40,4008.40,,0.05%
2022-12-28,4006.50,4006.50,4006.50,4006.50,,1.03%
2022-12-23,3965.50,3965.50,3965.50,3965.50,,0.38%
2022-12-22,3950.60,3950.60,3950.60,3950.60,,-0.74%
2022-12-21,3980.20,3980.20,3980.20,3980.20,,0.76%
2022-12-20,3950.20,3950.20,3950.20,3950.20,,1.13%
2022-12-19,3906.10,3906.10,3906.10,3906.10,,-0.23%
2022-12-16,3915.30,3915.30,3915.30,3915.30,,-0.62%
2022-12-15,3939.70,3939.70,3939.70,3939.70,,-2.09%
2022-12-14,4023.70,4023.70,4023.70,4023.70,,-0.30%
2022-12-13,4035.80,4035.80,4035.80,4035.80,,0.94%
2022-12-12,3998.40,3998.40,3998.40,3998.40,,-1.64%
2022-12-09,4065.20,4065.20,4065.20,4065.20,,-0.41%
2022-12-08,4082.00,4082.00,4082.00,4082.00,,0.22%
2022-12-07,4073.00,4073.00,4073.00,4073.00,,0.82%
2022-12-06,4040.00,4040.00,4040.00,4040.00,,0.43%
2022-12-05,4022.70,4022.70,4022.70,4022.70,,-0.28%
2022-12-02,4033.90,4033.90,4033.90,4033.90,,1.75%
2022-12-01,3964.40,3964.40,3964.40,3964.40,,1.04%
2022-11-30,3923.50,3923.50,3923.50,3923.50,,2.63%
2022-11-29,3823.10,3823.10,3823.10,3823.10,,1.36%
2022-11-28,3771.80,3771.80,3771.80,3771.80,,-0.14%
2022-11-25,3777.20,3777.20,3777.20,3777.20,,-0.55%
2022-11-24,3797.90,3797.90,3797.90,3797.90,,0.00%
2022-11-23,3797.90,3797.90,3797.90,3797.90,,-0.29%
2022-11-22,3809.00,3809.00,3809.00,3809.00,,1.98%
2022-11-21,3735.20,3735.20,3735.20,3735.20,,-2.68%
2022-11-18,3838.20,3838.20,3838.20,3838.20,,0.42%
2022-11-17,3822.00,3822.00,3822.00,3822.00,,-2.78%
2022-11-16,3931.40,3931.40,3931.40,3931.40,,-1.95%
2022-11-15,4009.70,4009.70,4009.70,4009.70,,0.65%
2022-11-14,3984.00,3984.00,3984.00,3984.00,,0.38%
2022-11-11,3968.90,3968.90,3968.90,3968.90,,3.74%
2022-11-10,3825.80,3825.80,3825.80,3825.80,,1.90%
2022-11-09,3754.60,3754.60,3754.60,3754.60,,-0.44%
2022-11-08,3771.20,3771.20,3771.20,3771.20,,2.23%
2022-11-07,3689.10,3689.10,3689.10,3689.10,,-1.56%
2022-11-04,3747.70,3747.70,3747.70,3747.70,,5.77%
2022-11-03,3543.40,3543.40,3543.40,3543.40,,-1.04%
2022-11-02,3580.80,3580.80,3580.80,3580.80,,0.07%
2022-11-01,3578.40,3578.40,3578.40,3578.40,,2.62%
2022-10-31,3487.10,3487.10,3487.10,3487.10,,-1.26%
2022-10-28,3531.60,3531.60,3531.60,3531.60,,-2.58%
2022-10-27,3625.10,3625.10,3625.10,3625.10,,-0.88%
2022-10-26,3657.30,3657.30,3657.30,3657.30,,3.39%
2022-10-25,3537.40,3537.40,3537.40,3537.40,,-0.05%
2022-10-24,3539.20,3539.20,3539.20,3539.20,,-0.46%
2022-10-21,3555.40,3555.40,3555.40,3555.40,,-0.13%
2022-10-20,3560.10,3560.10,3560.10,3560.10,,2.01%
2022-10-19,3489.80,3489.80,3489.80,3489.80,,-0.34%
2022-10-18,3501.70,3501.70,3501.70,3501.70,,-1.27%
2022-10-17,3546.60,3546.60,3546.60,3546.60,,-1.02%
2022-10-14,3583.00,3583.00,3583.00,3583.00,,-0.91%
2022-10-13,3615.80,3615.80,3615.80,3615.80,,0.50%
2022-10-12,3597.90,3597.90,3597.90,3597.90,,0.46%
2022-10-11,3581.40,3581.40,3581.40,3581.40,,-0.24%
2022-10-10,3589.90,3589.90,3589.90,3589.90,,0.36%
2022-10-07,3577.10,3577.10,3577.10,3577.10,,-2.05%
2022-10-06,3652.10,3652.10,3652.10,3652.10,,-0.28%
2022-10-05,3662.40,3662.40,3662.40,3662.40,,0.07%
2022-10-04,3659.80,3659.80,3659.80,3659.80,,3.47%
2022-10-03,3537.20,3537.20,3537.20,3537.20,,-0.11%
2022-09-30,3541.00,3541.00,3541.00,3541.00,,-0.43%
2022-09-29,3556.40,3556.40,3556.40,3556.40,,2.16%
2022-09-28,3481.30,3481.30,3481.30,3481.30,,0.83%
2022-09-27,3452.80,3452.80,3452.80,3452.80,,-0.60%
2022-09-26,3473.50,3473.50,3473.50,3473.50,,-1.74%
2022-09-23,3535.10,3535.10,3535.10,3535.10,,-3.29%
2022-09-22,3655.30,3655.30,3655.30,3655.30,,0.22%
2022-09-21,3647.20,3647.20,3647.20,3647.20,,-1.01%
2022-09-20,3684.50,3684.50,3684.50,3684.50,,0.15%
2022-09-19,3679.00,3679.00,3679.00,3679.00,,-0.28%
2022-09-16,3689.20,3689.20,3689.20,3689.20,,0.33%
2022-09-15,3676.90,3676.90,3676.90,3676.90,,-1.06%
2022-09-14,3716.30,3716.30,3716.30,3716.30,,-0.95%
2022-09-13,3751.80,3751.80,3751.80,3751.80,,-0.31%
2022-09-12,3763.40,3763.40,3763.40,3763.40,,1.66%
2022-09-09,3702.10,3702.10,3702.10,3702.10,,1.02%
2022-09-08,3664.70,3664.70,3664.70,3664.70,,1.81%
2022-09-07,3599.40,3599.40,3599.40,3599.40,,-0.84%
2022-09-06,3629.80,3629.80,3629.80,3629.80,,-0.23%
2022-09-05,3638.10,3638.10,3638.10,3638.10,,0.82%
2022-09-02,3608.40,3608.40,3608.40,3608.40,,-0.08%
2022-09-01,3611.40,3611.40,3611.40,3611.40,,-3.42%
2022-08-31,3739.40,3739.40,3739.40,3739.40,,-0.91%
2022-08-30,3773.90,3773.90,3773.90,3773.90,,-3.33%
2022-08-26,3903.80,3903.80,3903.80,3903.80,,0.84%
2022-08-25,3871.10,3871.10,3871.10,3871.10,,0.92%
2022-08-24,3836.00,3836.00,3836.00,3836.00,,-0.68%
2022-08-23,3862.40,3862.40,3862.40,3862.40,,0.57%
2022-08-22,3840.60,3840.60,3840.60,3840.60,,-0.25%
2022-08-19,3850.20,3850.20,3850.20,3850.20,,0.42%
2022-08-18,3834.10,3834.10,3834.10,3834.10,,0.41%
2022-08-17,3818.60,3818.60,3818.60,3818.60,,-0.84%
2022-08-16,3851.10,3851.10,3851.10,3851.10,,0.38%
2022-08-15,3836.50,3836.50,3836.50,3836.50,,-1.69%
2022-08-12,3902.30,3902.30,3902.30,3902.30,,-1.81%
2022-08-11,3974.20,3974.20,3974.20,3974.20,,1.55%
2022-08-10,3913.70,3913.70,3913.70,3913.70,,1.19%
2022-08-09,3867.50,3867.50,3867.50,3867.50,,0.65%
2022-08-08,3842.50,3842.50,3842.50,3842.50,,0.81%
2022-08-05,3811.50,3811.50,3811.50,3811.50,,1.22%
2022-08-04,3765.40,3765.40,3765.40,3765.40,,1.16%
2022-08-03,3722.20,3722.20,3722.20,3722.20,,-1.39%
2022-08-02,3774.50,3774.50,3774.50,3774.50,,-0.90%
2022-08-01,3808.80,3808.80,3808.80,3808.80,,-1.09%
2022-07-29,3850.90,3850.90,3850.90,3850.90,,2.75%
2022-07-28,3748.00,3748.00,3748.00,3748.00,,1.53%
2022-07-27,3691.50,3691.50,3691.50,3691.50,,0.78%
2022-07-26,3663.00,3663.00,3663.00,3663.00,,0.39%
2022-07-25,3648.60,3648.60,3648.60,3648.60,,-0.49%
2022-07-22,3666.50,3666.50,3666.50,3666.50,,1.92%
2022-07-21,3597.40,3597.40,3597.40,3597.40,,-0.58%
2022-07-20,3618.30,3618.30,3618.30,3618.30,,1.72%
2022-07-19,3557.20,3557.20,3557.20,3557.20,,-1.54%
2022-07-18,3613.00,3613.00,3613.00,3613.00,,3.37%
2022-07-15,3495.20,3495.20,3495.20,3495.20,,0.64%
2022-07-14,3473.10,3473.10,3473.10,3473.10,,-2.76%
2022-07-13,3571.80,3571.80,3571.80,3571.80,,-0.55%
2022-07-12,3591.70,3591.70,3591.70,3591.70,,-2.12%
2022-07-11,3669.50,3669.50,3669.50,3669.50,,-1.74%
2022-07-08,3734.50,3734.50,3734.50,3734.50,,-0.45%
2022-07-07,3751.40,3751.40,3751.40,3751.40,,2.89%
2022-07-06,3646.20,3646.20,3646.20,3646.20,,-1.37%
2022-07-05,3696.80,3696.80,3696.80,3696.80,,-3.29%
2022-07-04,3822.60,3822.60,3822.60,3822.60,,0.51%
2022-07-01,3803.30,3803.30,3803.30,3803.30,,-1.94%
2022-06-30,3878.60,3878.60,3878.60,3878.60,,-2.24%
2022-06-29,3967.50,3967.50,3967.50,3967.50,,0.31%
2022-06-28,3955.30,3955.30,3955.30,3955.30,,-0.31%
2022-06-27,3967.70,3967.70,3967.70,3967.70,,1.25%
2022-06-24,3918.90,3918.90,3918.90,3918.90,,-1.90%
2022-06-23,3994.80,3994.80,3994.80,3994.80,,-2.93%
2022-06-22,4115.50,4115.50,4115.50,4115.50,,-2.86%
2022-06-21,4236.60,4236.60,4236.60,4236.60,,0.56%
2022-06-20,4213.10,4213.10,4213.10,4213.10,,0.31%
2022-06-17,4199.90,4199.90,4199.90,4199.90,,-0.91%
2022-06-16,4238.30,4238.30,4238.30,4238.30,,-1.99%
2022-06-15,4324.20,4324.20,4324.20,4324.20,,0.78%
2022-06-14,4290.60,4290.60,4290.60,4290.60,,-1.45%
2022-06-13,4353.70,4353.70,4353.70,4353.70,,-2.42%
2022-06-10,4461.60,4461.60,4461.60,4461.60,,-2.24%
2022-06-09,4563.80,4563.80,4563.80,4563.80,,-1.55%
2022-06-08,4635.50,4635.50,4635.50,4635.50,,0.52%
2022-06-07,4611.60,4611.60,4611.60,4611.60,,-0.44%
2022-06-06,4631.80,4631.80,4631.80,4631.80,,2.46%
2022-06-01,4520.50,4520.50,4520.50,4520.50,,-0.36%
2022-05-31,4537.00,4537.00,4537.00,4537.00,,-1.48%
2022-05-30,4605.30,4605.30,4605.30,4605.30,,1.15%
2022-05-27,4553.10,4553.10,4553.10,4553.10,,1.43%
2022-05-26,4488.90,4488.90,4488.90,4488.90,,-0.13%
2022-05-25,4494.70,4494.70,4494.70,4494.70,,-0.79%
2022-05-24,4530.40,4530.40,4530.40,4530.40,,-1.46%
2022-05-23,4597.40,4597.40,4597.40,4597.40,,0.83%
2022-05-20,4559.50,4559.50,4559.50,4559.50,,0.45%
2022-05-19,4539.20,4539.20,4539.20,4539.20,,2.65%
2022-05-18,4422.20,4422.20,4422.20,4422.20,,-1.38%
2022-05-17,4483.90,4483.90,4483.90,4483.90,,1.43%
2022-05-16,4420.60,4420.60,4420.60,4420.60,,0.87%
2022-05-13,4382.50,4382.50,4382.50,4382.50,,0.32%
2022-05-12,4368.50,4368.50,4368.50,4368.50,,-2.37%
2022-05-11,4474.50,4474.50,4474.50,4474.50,,0.86%
2022-05-10,4436.50,4436.50,4436.50,4436.50,,-0.34%
2022-05-09,4451.60,4451.60,4451.60,4451.60,,-3.11%
2022-05-06,4594.30,4594.30,4594.30,4594.30,,-1.60%
2022-05-05,4668.90,4668.90,4668.90,4668.90,,-0.46%
2022-05-04,4690.30,4690.30,4690.30,4690.30,,0.62%
2022-05-03,4661.60,4661.60,4661.60,4661.60,,-3.50%
2022-04-29,4830.80,4830.80,4830.80,4830.80,,0.07%
2022-04-28,4827.20,4827.20,4827.20,4827.20,,-1.58%
2022-04-27,4904.70,4904.70,4904.70,4904.70,,0.25%
2022-04-26,4892.30,4892.30,4892.30,4892.30,,0.56%
2022-04-25,4864.90,4864.90,4864.90,4864.90,,-3.87%
2022-04-22,5060.60,5060.60,5060.60,5060.60,,-1.56%
2022-04-21,5140.80,5140.80,5140.80,5140.80,,0.71%
2022-04-20,5104.70,5104.70,5104.70,5104.70,,-0.66%
2022-04-19,5138.40,5138.40,5138.40,5138.40,,0.16%
2022-04-14,5130.40,5130.40,5130.40,5130.40,,0.33%
2022-04-13,5113.60,5113.60,5113.60,5113.60,,0.11%
2022-04-12,5108.00,5108.00,5108.00,5108.00,,0.93%
2022-04-11,5060.70,5060.70,5060.70,5060.70,,-1.85%
2022-04-08,5156.00,5156.00,5156.00,5156.00,,0.26%
2022-04-07,5142.80,5142.80,5142.80,5142.80,,-0.56%
2022-04-06,5171.80,5171.80,5171.80,5171.80,,-0.97%
2022-04-05,5222.60,5222.60,5222.60,5222.60,,-0.14%
2022-04-04,5229.80,5229.80,5229.80,5229.80,,0.39%
2022-04-01,5209.60,5209.60,5209.60,5209.60,,0.68%
2022-03-31,5174.30,5174.30,5174.30,5174.30,,-0.47%
2022-03-30,5198.80,5198.80,5198.80,5198.80,,1.74%
2022-03-29,5110.00,5110.00,5110.00,5110.00,,-1.66%
2022-03-28,5196.00,5196.00,5196.00,5196.00,,-0.32%
2022-03-25,5212.60,5212.60,5212.60,5212.60,,-0.96%
2022-03-24,5262.90,5262.90,5262.90,5262.90,,0.61%
2022-03-23,5230.80,5230.80,5230.80,5230.80,,3.93%
2022-03-22,5032.80,5032.80,5032.80,5032.80,,-1.42%
2022-03-21,5105.10,5105.10,5105.10,5105.10,,-0.75%
2022-03-18,5143.90,5143.90,5143.90,5143.90,,-1.03%
2022-03-17,5197.60,5197.60,5197.60,5197.60,,0.58%
2022-03-16,5167.80,5167.80,5167.80,5167.80,,-0.14%
2022-03-15,5175.10,5175.10,5175.10,5175.10,,-0.38%
2022-03-14,5194.80,5194.80,5194.80,5194.80,,-2.52%
2022-03-11,5329.00,5329.00,5329.00,5329.00,,0.55%
2022-03-10,5299.70,5299.70,5299.70,5299.70,,0.88%
2022-03-09,5253.70,5253.70,5253.70,5253.70,,-3.04%
2022-03-08,5418.30,5418.30,5418.30,5418.30,,-1.59%
2022-03-07,5505.70,5505.70,5505.70,5505.70,,2.80%
2022-03-04,5355.80,5355.80,5355.80,5355.80,,3.55%
2022-03-03,5172.40,5172.40,5172.40,5172.40,,2.49%
2022-03-02,5046.70,5046.70,5046.70,5046.70,,1.64%
2022-03-01,4965.30,4965.30,4965.30,4965.30,,2.26%
2022-02-28,4855.80,4855.80,4855.80,4855.80,,0.32%
2022-02-25,4840.40,4840.40,4840.40,4840.40,,-0.49%
2022-02-24,4864.40,4864.40,4864.40,4864.40,,1.10%
2022-02-23,4811.40,4811.40,4811.40,4811.40,,-0.42%
2022-02-22,4831.70,4831.70,4831.70,4831.70,,0.48%
2022-02-21,4808.40,4808.40,4808.40,4808.40,,-0.09%
2022-02-18,4812.50,4812.50,4812.50,4812.50,,0.18%
2022-02-17,4803.70,4803.70,4803.70,4803.70,,0.04%
2022-02-16,4801.90,4801.90,4801.90,4801.90,,0.60%
2022-02-15,4773.20,4773.20,4773.20,4773.20,,0.29%
2022-02-14,4759.50,4759.50,4759.50,4759.50,,0.81%
2022-02-11,4721.40,4721.40,4721.40,4721.40,,-3.20%
2022-02-10,4877.50,4877.50,4877.50,4877.50,,1.16%
2022-02-09,4821.60,4821.60,4821.60,4821.60,,2.42%
2022-02-08,4707.50,4707.50,4707.50,4707.50,,0.06%
2022-02-07,4704.90,4704.90,4704.90,4704.90,,0.29%
2022-02-04,4691.40,4691.40,4691.40,4691.40,,0.30%
2022-02-03,4677.20,4677.20,4677.20,4677.20,,0.27%
2022-02-02,4664.80,4664.80,4664.80,4664.80,,0.51%
2022-02-01,4641.30,4641.30,4641.30,4641.30,,1.18%
2022-01-31,4587.20,4587.20,4587.20,4587.20,,-0.29%
2022-01-28,4600.60,4600.60,4600.60,4600.60,,-1.71%
2022-01-27,4680.80,4680.80,4680.80,4680.80,,-0.73%
2022-01-26,4715.10,4715.10,4715.10,4715.10,,1.00%
2022-01-25,4668.60,4668.60,4668.60,4668.60,,0.51%
2022-01-24,4644.80,4644.80,4644.80,4644.80,,-2.05%
2022-01-21,4741.90,4741.90,4741.90,4741.90,,-0.54%
2022-01-20,4767.70,4767.70,4767.70,4767.70,,1.72%
2022-01-19,4687.20,4687.20,4687.20,4687.20,,1.66%
2022-01-18,4610.70,4610.70,4610.70,4610.70,,0.15%
2022-01-17,4603.60,4603.60,4603.60,4603.60,,0.33%
2022-01-14,4588.60,4588.60,4588.60,4588.60,,-1.18%
2022-01-13,4643.50,4643.50,4643.50,4643.50,,-0.92%
2022-01-12,4686.60,4686.60,4686.60,4686.60,,2.25%
2022-01-11,4583.60,4583.60,4583.60,4583.60,,1.84%
2022-01-10,4500.60,4500.60,4500.60,4500.60,,-0.52%
2022-01-07,4524.00,4524.00,4524.00,4524.00,,0.78%
2022-01-06,4488.80,4488.80,4488.80,4488.80,,-1.11%
2022-01-05,4539.20,4539.20,4539.20,4539.20,,-0.03%
2022-01-04,4540.60,4540.60,4540.60,4540.60,,0.86%
2021-12-31,4502.00,4502.00,4502.00,4502.00,,0.03%
2021-12-30,4500.50,4500.50,4500.50,4500.50,,0.25%
2021-12-29,4489.50,4489.50,4489.50,4489.50,,0.53%
2021-12-24,4466.00,4466.00,4466.00,4466.00,,-0.21%
2021-12-23,4475.20,4475.20,4475.20,4475.20,,0.13%
2021-12-22,4469.40,4469.40,4469.40,4469.40,,1.45%
2021-12-21,4405.60,4405.60,4405.60,4405.60,,1.61%
2021-12-20,4336.00,4336.00,4336.00,4336.00,,-0.69%
2021-12-17,4366.30,4366.30,4366.30,4366.30,,-0.02%
2021-12-16,4367.00,4367.00,4367.00,4367.00,,3.17%
2021-12-15,4232.80,4232.80,4232.80,4232.80,,-1.73%
2021-12-14,4307.40,4307.40,4307.40,4307.40,,-0.55%
2021-12-13,4331.20,4331.20,4331.20,4331.20,,-0.12%
2021-12-10,4336.30,4336.30,4336.30,4336.30,,-0.35%
2021-12-09,4351.40,4351.40,4351.40,4351.40,,-0.93%
2021-12-08,4392.10,4392.10,4392.10,4392.10,,0.80%
2021-12-07,4357.40,4357.40,4357.40,4357.40,,0.99%
2021-12-06,4314.60,4314.60,4314.60,4314.60,,-0.01%
2021-12-03,4314.90,4314.90,4314.90,4314.90,,-0.28%
2021-12-02,4327.10,4327.10,4327.10,4327.10,,-0.32%
2021-12-01,4341.10,4341.10,4341.10,4341.10,,0.33%
2021-11-30,4326.90,4326.90,4326.90,4326.90,,-0.95%
2021-11-29,4368.20,4368.20,4368.20,4368.20,,0.90%
2021-11-26,4329.20,4329.20,4329.20,4329.20,,-3.30%
2021-11-25,4477.00,4477.00,4477.00,4477.00,,-0.17%
2021-11-24,4484.40,4484.40,4484.40,4484.40,,1.34%
2021-11-23,4425.10,4425.10,4425.10,4425.10,,-0.43%
2021-11-22,4444.10,4444.10,4444.10,4444.10,,1.04%
2021-11-19,4398.30,4398.30,4398.30,4398.30,,2.09%
2021-11-18,4308.40,4308.40,4308.40,4308.40,,0.42%
2021-11-17,4290.20,4290.20,4290.20,4290.20,,-0.59%
2021-11-16,4315.60,4315.60,4315.60,4315.60,,-1.34%
2021-11-15,4374.30,4374.30,4374.30,4374.30,,-0.94%
2021-11-12,4415.80,4415.80,4415.80,4415.80,,0.80%
2021-11-11,4380.90,4380.90,4380.90,4380.90,,0.94%
2021-11-10,4340.20,4340.20,4340.20,4340.20,,0.10%
2021-11-09,4335.70,4335.70,4335.70,4335.70,,-1.04%
2021-11-08,4381.30,4381.30,4381.30,4381.30,,1.40%
2021-11-05,4320.70,4320.70,4320.70,4320.70,,0.54%
2021-11-04,4297.30,4297.30,4297.30,4297.30,,-1.10%
2021-11-03,4344.90,4344.90,4344.90,4344.90,,-0.82%
2021-11-02,4380.90,4380.90,4380.90,4380.90,,-1.09%
2021-11-01,4429.10,4429.10,4429.10,4429.10,,0.79%
2021-10-29,4394.20,4394.20,4394.20,4394.20,,-0.85%
2021-10-28,4431.70,4431.70,4431.70,4431.70,,1.68%
2021-10-27,4358.60,4358.60,4358.60,4358.60,,-3.32%
2021-10-26,4508.50,4508.50,4508.50,4508.50,,-0.95%
2021-10-25,4551.80,4551.80,4551.80,4551.80,,1.22%
2021-10-22,4496.90,4496.90,4496.90,4496.90,,-1.01%
2021-10-21,4542.70,4542.70,4542.70,4542.70,,-3.73%
2021-10-20,4718.50,4718.50,4718.50,4718.50,,0.62%
2021-10-19,4689.20,4689.20,4689.20,4689.20,,-1.04%
2021-10-18,4738.30,4738.30,4738.30,4738.30,,-0.51%
2021-10-15,4762.80,4762.80,4762.80,4762.80,,3.02%
2021-10-14,4623.40,4623.40,4623.40,4623.40,,2.59%
2021-10-13,4506.50,4506.50,4506.50,4506.50,,1.53%
2021-10-12,4438.60,4438.60,4438.60,4438.60,,-0.37%
2021-10-11,4455.10,4455.10,4455.10,4455.10,,2.05%
2021-10-08,4365.60,4365.60,4365.60,4365.60,,1.49%
2021-10-07,4301.60,4301.60,4301.60,4301.60,,1.94%
2021-10-06,4219.90,4219.90,4219.90,4219.90,,-1.00%
2021-10-05,4262.60,4262.60,4262.60,4262.60,,-0.11%
2021-10-04,4267.30,4267.30,4267.30,4267.30,,1.38%
2021-10-01,4209.20,4209.20,4209.20,4209.20,,1.16%
2021-09-30,4161.00,4161.00,4161.00,4161.00,,-2.39%
2021-09-29,4262.70,4262.70,4262.70,4262.70,,-1.12%
2021-09-28,4311.20,4311.20,4311.20,4311.20,,-0.03%
2021-09-27,4312.40,4312.40,4312.40,4312.40,,-0.69%
2021-09-24,4342.40,4342.40,4342.40,4342.40,,0.45%
2021-09-23,4323.10,4323.10,4323.10,4323.10,,0.34%
2021-09-22,4308.40,4308.40,4308.40,4308.40,,3.09%
2021-09-21,4179.20,4179.20,4179.20,4179.20,,-0.72%
2021-09-20,4209.60,4209.60,4209.60,4209.60,,-2.15%
2021-09-17,4301.90,4301.90,4301.90,4301.90,,-0.22%
2021-09-16,4311.50,4311.50,4311.50,4311.50,,0.02%
2021-09-14,4310.70,4310.70,4310.70,4310.70,,-1.37%
2021-09-13,4370.40,4370.40,4370.40,4370.40,,-1.33%
2021-09-10,4429.10,4429.10,4429.10,4429.10,,2.69%
2021-09-09,4313.20,4313.20,4313.20,4313.20,,1.65%
2021-09-08,4243.00,4243.00,4243.00,4243.00,,-0.13%
2021-09-07,4248.60,4248.60,4248.60,4248.60,,-0.85%
2021-09-06,4285.10,4285.10,4285.10,4285.10,,0.38%
2021-09-03,4269.00,4269.00,4269.00,4269.00,,0.63%
2021-09-02,4242.20,4242.20,4242.20,4242.20,,0.31%
2021-09-01,4229.10,4229.10,4229.10,4229.10,,-1.47%
2021-08-31,4292.40,4292.40,4292.40,4292.40,,1.40%
2021-08-27,4233.10,4233.10,4233.10,4233.10,,1.02%
2021-08-26,4190.20,4190.20,4190.20,4190.20,,-0.48%
2021-08-25,4210.50,4210.50,4210.50,4210.50,,0.04%
2021-08-24,4208.70,4208.70,4208.70,4208.70,,1.07%
2021-08-23,4164.00,4164.00,4164.00,4164.00,,2.13%
2021-08-20,4077.00,4077.00,4077.00,4077.00,,0.64%
2021-08-19,4051.10,4051.10,4051.10,4051.10,,-1.70%
2021-08-18,4121.10,4121.10,4121.10,4121.10,,-1.82%
2021-08-17,4197.40,4197.40,4197.40,4197.40,,-1.23%
2021-08-16,4249.80,4249.80,4249.80,4249.80,,-0.73%
2021-08-13,4281.10,4281.10,4281.10,4281.10,,0.87%
2021-08-12,4244.20,4244.20,4244.20,4244.20,,-0.41%
2021-08-11,4261.50,4261.50,4261.50,4261.50,,0.45%
2021-08-10,4242.50,4242.50,4242.50,4242.50,,1.49%
2021-08-09,4180.30,4180.30,4180.30,4180.30,,-1.18%
2021-08-06,4230.30,4230.30,4230.30,4230.30,,-0.59%
2021-08-05,4255.50,4255.50,4255.50,4255.50,,0.50%
2021-08-04,4234.40,4234.40,4234.40,4234.40,,-0.66%
2021-08-03,4262.60,4262.60,4262.60,4262.60,,-1.42%
2021-08-02,4323.80,4323.80,4323.80,4323.80,,0.07%
2021-07-30,4320.60,4320.60,4320.60,4320.60,,-0.63%
2021-07-29,4347.80,4347.80,4347.80,4347.80,,1.56%
2021-07-28,4281.10,4281.10,4281.10,4281.10,,0.05%
2021-07-27,4278.90,4278.90,4278.90,4278.90,,-0.85%
2021-07-26,4315.40,4315.40,4315.40,4315.40,,2.14%
2021-07-23,4225.10,4225.10,4225.10,4225.10,,0.90%
2021-07-22,4187.60,4187.60,4187.60,4187.60,,1.19%
2021-07-21,4138.20,4138.20,4138.20,4138.20,,-0.12%
2021-07-20,4143.30,4143.30,4143.30,4143.30,,1.16%
2021-07-19,4095.90,4095.90,4095.90,4095.90,,-2.09%
2021-07-16,4183.50,4183.50,4183.50,4183.50,,-0.28%
2021-07-15,4195.30,4195.30,4195.30,4195.30,,1.16%
2021-07-14,4147.10,4147.10,4147.10,4147.10,,-0.59%
2021-07-13,4171.80,4171.80,4171.80,4171.80,,0.42%
2021-07-12,4154.40,4154.40,4154.40,4154.40,,-0.78%
2021-07-09,4187.00,4187.00,4187.00,4187.00,,1.98%
2021-07-08,4105.90,4105.90,4105.90,4105.90,,-1.31%
2021-07-07,4160.40,4160.40,4160.40,4160.40,,0.76%
2021-07-06,4129.10,4129.10,4129.10,4129.10,,-1.56%
2021-07-05,4194.60,4194.60,4194.60,4194.60,,0.75%
2021-07-02,4163.30,4163.30,4163.30,4163.30,,0.94%
2021-07-01,4124.70,4124.70,4124.70,4124.70,,-0.65%
2021-06-30,4151.50,4151.50,4151.50,4151.50,,-0.13%
2021-06-29,4156.80,4156.80,4156.80,4156.80,,0.56%
2021-06-28,4133.60,4133.60,4133.60,4133.60,,-0.08%
2021-06-25,4137.00,4137.00,4137.00,4137.00,,0.41%
2021-06-24,4120.10,4120.10,4120.10,4120.10,,-0.03%
2021-06-23,4121.40,4121.40,4121.40,4121.40,,1.41%
2021-06-22,4063.90,4063.90,4063.90,4063.90,,1.20%
2021-06-21,4015.70,4015.70,4015.70,4015.70,,0.57%
2021-06-18,3993.00,3993.00,3993.00,3993.00,,-1.49%
2021-06-17,4053.40,4053.40,4053.40,4053.40,,-3.30%
2021-06-16,4191.60,4191.60,4191.60,4191.60,,0.55%
2021-06-15,4168.50,4168.50,4168.50,4168.50,,-2.85%
2021-06-14,4290.60,4290.60,4290.60,4290.60,,0.16%
2021-06-11,4283.90,4283.90,4283.90,4283.90,,0.79%
2021-06-10,4250.30,4250.30,4250.30,4250.30,,-0.48%
2021-06-09,4270.70,4270.70,4270.70,4270.70,,0.22%
2021-06-08,4261.30,4261.30,4261.30,4261.30,,0.89%
2021-06-07,4223.60,4223.60,4223.60,4223.60,,-0.78%
2021-06-04,4256.70,4256.70,4256.70,4256.70,,1.66%
2021-06-03,4187.10,4187.10,4187.10,4187.10,,-2.99%
2021-06-02,4316.30,4316.30,4316.30,4316.30,,-0.63%
2021-06-01,4343.50,4343.50,4343.50,4343.50,,-0.14%
2021-05-28,4349.60,4349.60,4349.60,4349.60,,0.49%
2021-05-27,4328.50,4328.50,4328.50,4328.50,,2.66%
2021-05-26,4216.20,4216.20,4216.20,4216.20,,0.60%
2021-05-25,4191.10,4191.10,4191.10,4191.10,,-0.22%
2021-05-24,4200.20,4200.20,4200.20,4200.20,,0.41%
2021-05-21,4182.90,4182.90,4182.90,4182.90,,-1.36%
2021-05-20,4240.50,4240.50,4240.50,4240.50,,0.27%
2021-05-19,4229.20,4229.20,4229.20,4229.20,,-3.45%
2021-05-18,4380.40,4380.40,4380.40,4380.40,,0.36%
2021-05-17,4364.60,4364.60,4364.60,4364.60,,1.52%
2021-05-14,4299.40,4299.40,4299.40,4299.40,,-0.30%
2021-05-13,4312.40,4312.40,4312.40,4312.40,,-1.30%
2021-05-12,4369.10,4369.10,4369.10,4369.10,,-0.75%
2021-05-11,4402.20,4402.20,4402.20,4402.20,,0.55%
2021-05-10,4378.30,4378.30,4378.30,4378.30,,-0.49%
2021-05-07,4399.90,4399.90,4399.90,4399.90,,2.38%
2021-05-06,4297.60,4297.60,4297.60,4297.60,,1.43%
2021-05-05,4237.10,4237.10,4237.10,4237.10,,0.11%
2021-05-04,4232.50,4232.50,4232.50,4232.50,,1.30%
2021-04-30,4178.10,4178.10,4178.10,4178.10,,-0.21%
2021-04-29,4186.90,4186.90,4186.90,4186.90,,0.10%
2021-04-28,4182.60,4182.60,4182.60,4182.60,,0.70%
2021-04-27,4153.50,4153.50,4153.50,4153.50,,0.71%
2021-04-26,4124.10,4124.10,4124.10,4124.10,,1.88%
2021-04-23,4048.10,4048.10,4048.10,4048.10,,1.15%
2021-04-22,4001.90,4001.90,4001.90,4001.90,,-0.25%
2021-04-21,4012.00,4012.00,4012.00,4012.00,,1.33%
2021-04-20,3959.50,3959.50,3959.50,3959.50,,-0.65%
2021-04-19,3985.40,3985.40,3985.40,3985.40,,1.06%
2021-04-16,3943.60,3943.60,3943.60,3943.60,,-0.58%
2021-04-15,3966.50,3966.50,3966.50,3966.50,,1.61%
2021-04-14,3903.80,3903.80,3903.80,3903.80,,1.72%
2021-04-13,3837.90,3837.90,3837.90,3837.90,,0.67%
2021-04-12,3812.40,3812.40,3812.40,3812.40,,-0.96%
2021-04-09,3849.40,3849.40,3849.40,3849.40,,-0.86%
2021-04-08,3882.90,3882.90,3882.90,3882.90,,0.87%
2021-04-07,3849.50,3849.50,3849.50,3849.50,,-0.89%
2021-04-06,3884.10,3884.10,3884.10,3884.10,,2.62%
2021-04-01,3784.80,3784.80,3784.80,3784.80,,-0.06%
2021-03-31,3787.10,3787.10,3787.10,3787.10,,0.07%
2021-03-30,3784.30,3784.30,3784.30,3784.30,,-1.13%
2021-03-29,3827.60,3827.60,3827.60,3827.60,,-1.04%
2021-03-26,3867.70,3867.70,3867.70,3867.70,,2.04%
2021-03-25,3790.50,3790.50,3790.50,3790.50,,-1.42%
2021-03-24,3845.20,3845.20,3845.20,3845.20,,0.07%
2021-03-23,3842.40,3842.40,3842.40,3842.40,,-1.53%
2021-03-22,3902.20,3902.20,3902.20,3902.20,,0.52%
2021-03-19,3882.20,3882.20,3882.20,3882.20,,0.70%
2021-03-18,3855.10,3855.10,3855.10,3855.10,,-0.18%
2021-03-17,3862.20,3862.20,3862.20,3862.20,,1.19%
2021-03-16,3816.80,3816.80,3816.80,3816.80,,-1.53%
2021-03-15,3876.20,3876.20,3876.20,3876.20,,0.95%
2021-03-12,3839.60,3839.60,3839.60,3839.60,,-0.10%
2021-03-11,3843.40,3843.40,3843.40,3843.40,,1.63%
2021-03-10,3781.80,3781.80,3781.80,3781.80,,0.64%
2021-03-09,3757.90,3757.90,3757.90,3757.90,,-1.53%
2021-03-08,3816.10,3816.10,3816.10,3816.10,,0.58%
2021-03-05,3794.10,3794.10,3794.10,3794.10,,0.57%
2021-03-04,3772.60,3772.60,3772.60,3772.60,,-2.43%
2021-03-03,3866.70,3866.70,3866.70,3866.70,,-1.30%
2021-03-02,3917.70,3917.70,3917.70,3917.70,,1.88%
2021-03-01,3845.50,3845.50,3845.50,3845.50,,-0.81%
2021-02-26,3876.90,3876.90,3876.90,3876.90,,-3.72%
2021-02-25,4026.50,4026.50,4026.50,4026.50,,1.03%
2021-02-24,3985.50,3985.50,3985.50,3985.50,,1.18%
2021-02-23,3939.10,3939.10,3939.10,3939.10,,0.19%
2021-02-22,3931.80,3931.80,3931.80,3931.80,,1.58%
2021-02-19,3870.70,3870.70,3870.70,3870.70,,2.96%
2021-02-18,3759.40,3759.40,3759.40,3759.40,,1.67%
2021-02-17,3697.60,3697.60,3697.60,3697.60,,0.20%
2021-02-16,3690.30,3690.30,3690.30,3690.30,,0.02%
2021-02-15,3689.40,3689.40,3689.40,3689.40,,0.59%
2021-02-12,3667.70,3667.70,3667.70,3667.70,,0.68%
2021-02-11,3643.10,3643.10,3643.10,3643.10,,0.00%
2021-02-10,3643.00,3643.00,3643.00,3643.00,,1.56%
2021-02-09,3587.20,3587.20,3587.20,3587.20,,1.31%
2021-02-08,3540.90,3540.90,3540.90,3540.90,,1.04%
2021-02-05,3504.30,3504.30,3504.30,3504.30,,1.24%
2021-02-04,3461.40,3461.40,3461.40,3461.40,,0.04%
2021-02-03,3459.90,3459.90,3459.90,3459.90,,0.63%
2021-02-02,3438.20,3438.20,3438.20,3438.20,,-0.22%
2021-02-01,3445.70,3445.70,3445.70,3445.70,,-0.29%
2021-01-29,3455.80,3455.80,3455.80,3455.80,,-0.34%
2021-01-28,3467.50,3467.50,3467.50,3467.50,,0.27%
2021-01-27,3458.00,3458.00,3458.00,3458.00,,-1.94%
